{
 "params": {
  "scale": 4,
  "blockSize": 16,
  "searchRadius": 12,
  "changedThreshold": 6,
  "blockActivityThreshold": 1.5,
  "movingThreshold": 0.3,
  "width": 480,
  "height": 270,
  "analysisWidth": 480,
  "analysisHeight": 270,
  "source": "mp4"
 },
 "fps": 30,
 "framePairs": 129,
 "series": {
  "blockSpeedMean": [
   0,
   27.85842131341376,
   19.04862438953591,
   18.327531654879934,
   10.926258954955761,
   21.67980851130522,
   7.878185986409151,
   10.395140363843264,
   16.483016645299177,
   16.07425352555077,
   7.975641787507129,
   48.00050667260331,
   4.164936745041746,
   3.439802172008643,
   3.5437054612866565,
   0,
   0,
   0,
   0,
   0,
   0,
   0,
   0,
   0,
   0,
   0,
   0,
   0,
   0,
   0,
   0,
   0,
   0,
   0,
   0,
   0,
   0,
   0,
   0,
   0,
   0,
   0,
   0,
   0,
   0,
   0,
   0,
   0,
   0,
   0,
   0,
   0,
   0,
   0,
   0,
   0,
   0,
   0,
   0,
   0,
   0,
   0,
   0,
   0,
   0,
   0,
   0,
   0,
   0,
   0,
   0,
   0,
   0,
   0,
   0,
   0,
   0,
   0,
   0,
   0,
   0,
   0,
   0,
   0,
   0,
   0,
   0,
   0,
   0,
   0,
   0,
   0,
   0,
   0,
   0,
   0,
   0,
   0,
   0,
   0,
   0,
   0,
   0,
   0,
   0,
   0,
   0,
   0,
   0,
   0,
   0,
   0,
   0,
   0,
   0,
   0,
   0,
   0,
   0,
   0,
   0,
   0,
   0,
   0,
   0,
   0,
   0,
   57.21827902653657,
   56.93190100856788
  ],
  "blockSpeedP95": [
   0,
   31.039682436739522,
   21.09228325681283,
   29.246554455244564,
   14.190638473890237,
   36.546900415066034,
   17.159188028035874,
   34.89555661720385,
   48.14290838432652,
   48.00310191399812,
   48.00008240340945,
   48.00050667260331,
   6.438365003632879,
   3.5316897535422926,
   3.6367866653647645,
   0,
   0,
   0,
   0,
   0,
   0,
   0,
   0,
   0,
   0,
   0,
   0,
   0,
   0,
   0,
   0,
   0,
   0,
   0,
   0,
   0,
   0,
   0,
   0,
   0,
   0,
   0,
   0,
   0,
   0,
   0,
   0,
   0,
   0,
   0,
   0,
   0,
   0,
   0,
   0,
   0,
   0,
   0,
   0,
   0,
   0,
   0,
   0,
   0,
   0,
   0,
   0,
   0,
   0,
   0,
   0,
   0,
   0,
   0,
   0,
   0,
   0,
   0,
   0,
   0,
   0,
   0,
   0,
   0,
   0,
   0,
   0,
   0,
   0,
   0,
   0,
   0,
   0,
   0,
   0,
   0,
   0,
   0,
   0,
   0,
   0,
   0,
   0,
   0,
   0,
   0,
   0,
   0,
   0,
   0,
   0,
   0,
   0,
   0,
   0,
   0,
   0,
   0,
   0,
   0,
   0,
   0,
   0,
   0,
   0,
   0,
   0,
   67.88225099390857,
   64.84968158685206
  ],
  "movingFraction": [
   0,
   0.8571428571428571,
   0.8888888888888888,
   0.9166666666666666,
   0.8,
   0.7333333333333333,
   0.75,
   0.5185185185185185,
   0.6785714285714286,
   0.5357142857142857,
   0.4642857142857143,
   0.03225806451612903,
   0.5714285714285714,
   0.2222222222222222,
   0.25,
   0,
   0,
   0,
   0,
   0,
   0,
   0,
   0,
   0,
   0,
   0,
   0,
   0,
   0,
   0,
   0,
   0,
   0,
   0,
   0,
   0,
   0,
   0,
   0,
   0,
   0,
   0,
   0,
   0,
   0,
   0,
   0,
   0,
   0,
   0,
   0,
   0,
   0,
   0,
   0,
   0,
   0,
   0,
   0,
   0,
   0,
   0,
   0,
   0,
   0,
   0,
   0,
   0,
   0,
   0,
   0,
   0,
   0,
   0,
   0,
   0,
   0,
   0,
   0,
   0,
   0,
   0,
   0,
   0,
   0,
   0,
   0,
   0,
   0,
   0,
   0,
   0,
   0,
   0,
   0,
   0,
   0,
   0,
   0,
   0,
   0,
   0,
   0,
   0,
   0,
   0,
   0,
   0,
   0,
   0,
   0,
   0,
   0,
   0,
   0,
   0,
   0,
   0,
   0,
   0,
   0,
   0,
   0,
   0,
   0,
   0,
   0,
   0.22580645161290322,
   0.12903225806451613
  ],
  "diffMean": [
   0.05626543209876543,
   0.22684413580246915,
   0.32679783950617286,
   0.36670524691358025,
   0.3346219135802469,
   0.32643518518518516,
   0.2764969135802469,
   0.4621527777777778,
   0.5717901234567901,
   0.5080941358024691,
   0.5174382716049383,
   0.3580324074074074,
   0.4207098765432099,
   0.20736882716049382,
   0.19304783950617285,
   0.19864197530864197,
   0.05021604938271605,
   0.14833333333333334,
   0.03517746913580247,
   0.007044753086419753,
   0.03651234567901235,
   0.1161033950617284,
   0.008572530864197531,
   0.026157407407407407,
   0.013850308641975308,
   0.12020833333333333,
   0.0362962962962963,
   0.013587962962962963,
   0.12477623456790124,
   0.043402777777777776,
   0.12799382716049382,
   0.03929783950617284,
   0.12852623456790124,
   0.041743827160493824,
   0.12932098765432098,
   0.04925925925925926,
   0.03202160493827161,
   0.16933641975308641,
   0.1427314814814815,
   0.05787037037037037,
   0.02996141975308642,
   0.16195216049382716,
   0.03131172839506173,
   0.13094135802469137,
   0.051527777777777777,
   0.14292438271604938,
   0.04320216049382716,
   0.017314814814814814,
   0.13679783950617283,
   0.04119598765432099,
   0.014220679012345678,
   0.005216049382716049,
   0.12249228395061729,
   0.014544753086419754,
   0.002013888888888889,
   0.0010416666666666667,
   0.0030864197530864196,
   0.0022145061728395064,
   0.012700617283950617,
   0.10947530864197531,
   0.01579475308641975,
   0.015123456790123457,
   0.04154320987654321,
   0.015424382716049383,
   0.12550925925925926,
   0.0526929012345679,
   0.13137345679012347,
   0.028186728395061728,
   0.0414891975308642,
   0.13871141975308643,
   0.051944444444444446,
   0.13574074074074075,
   0.05795524691358025,
   0.13808641975308641,
   0.0558641975308642,
   0.1432793209876543,
   0.05132716049382716,
   0.14060956790123458,
   0.05158179012345679,
   0.13593364197530863,
   0.0560570987654321,
   0.12794753086419752,
   0.029166666666666667,
   0.04321759259259259,
   0.14023148148148148,
   0.01716820987654321,
   0.037870370370370374,
   0.12451388888888888,
   0.013881172839506174,
   0.015486111111111112,
   0.0043287037037037035,
   0.03526234567901235,
   0.0015895061728395062,
   0.0017824074074074075,
   0.0015200617283950618,
   0.002623456790123457,
   0.03427469135802469,
   0.016180555555555556,
   0.007746913580246913,
   0.12323302469135802,
   0.017469135802469136,
   0.04720679012345679,
   0.019367283950617285,
   0.1305324074074074,
   0.053641975308641975,
   0.13729938271604938,
   0.04613425925925926,
   0.13739197530864197,
   0.05123456790123457,
   0.13952932098765433,
   0.05337191358024691,
   0.03023148148148148,
   0.1675848765432099,
   0.13966820987654321,
   0.05617283950617284,
   0.03040895061728395,
   0.20513117283950616,
   0.10537808641975309,
   0.23410493827160495,
   0.17285493827160495,
   0.19829475308641975,
   0.2034490740740741,
   0.2767824074074074,
   0.2966743827160494,
   0.35540123456790124,
   0.3655324074074074,
   0.4039891975308642,
   0.4529089506172839,
   0.4770293209876543
  ],