{
 "params": {
  "scale": 4,
  "blockSize": 16,
  "searchRadius": 12,
  "changedThreshold": 6,
  "blockActivityThreshold": 1.5,
  "movingThreshold": 0.3,
  "width": 480,
  "height": 270,
  "analysisWidth": 480,
  "analysisHeight": 270,
  "source": "mp4"
 },
 "fps": 30,
 "framePairs": 119,
 "series": {
  "blockSpeedMean": [
   42.2674734739491,
   4.5280863698378315,
   7.197051074391729,
   10.625403267241463,
   4.349196884619013,
   4.2741242269715976,
   7.883046078865869,
   0,
   0,
   0,
   0,
   0,
   0,
   0,
   0,
   0,
   0,
   0,
   0,
   0,
   0,
   0,
   0,
   0,
   0,
   0,
   0,
   0,
   0,
   0,
   0,
   0,
   0,
   0,
   0,
   0,
   0,
   0,
   0,
   0,
   0,
   3.561492118332417,
   7.498366862151735,
   14.028344134501525,
   26.020259035278468,
   26.770648028018677,
   37.53410807932172,
   45.973888832139615,
   49.54179614196504,
   47.2695002916803,
   48.713265974116986,
   54.69527926650029,
   55.59000421551807,
   57.84740220529536,
   56.46005365103266,
   24.472113064207257,
   25.932890217957624,
   24.904542823928445,
   14.232871741101691,
   4.209521749308368,
   3.939448388085985,
   3.5567909049624893,
   5.367866571846085,
   4.21608292213237,
   3.682688434589955,
   3.5318271867045996,
   3.601989578836921,
   3.1988301826255667,
   0,
   0,
   0,
   0,
   0,
   0,
   0,
   0,
   0,
   0,
   0,
   0,
   0,
   0,
   0,
   0,
   0,
   0,
   0,
   0,
   0,
   0,
   0,
   0,
   0,
   0,
   0,
   0,
   0,
   0,
   0,
   0,
   0,
   0,
   0,
   0,
   0,
   0,
   0,
   0,
   0,
   0,
   0,
   0,
   0,
   0,
   0,
   0,
   0,
   0,
   0
  ],
  "blockSpeedP95": [
   67.88225099390857,
   4.759971436396575,
   8.981796368722934,
   30.135747299612838,
   5.493466604902584,
   4.904378357229407,
   11.639576508728192,
   0,
   0,
   0,
   0,
   0,
   0,
   0,
   0,
   0,
   0,
   0,
   0,
   0,
   0,
   0,
   0,
   0,
   0,
   0,
   0,
   0,
   0,
   0,
   0,
   0,
   0,
   0,
   0,
   0,
   0,
   0,
   0,
   0,
   0,
   3.6179921266104924,
   24.25930906900466,
   41.547876829403044,
   67.88225099390857,
   56.88835069189864,
   67.88225099390857,
   67.88225099390857,
   67.88225099390857,
   67.88225099390857,
   67.88225099390857,
   67.88225099390857,
   67.88225099390857,
   67.88225099390857,
   67.88225099390857,
   67.88225099390857,
   67.88225099390857,
   66.48308055437865,
   49.389525807761814,
   4.622319240776789,
   4.17479170095455,
   4.989569905159056,
   5.610434648722704,
   4.775705343420787,
   4.768050740236568,
   3.8706259463495902,
   4.137983263399006,
   3.1988301826255667,
   0,
   0,
   0,
   0,
   0,
   0,
   0,
   0,
   0,
   0,
   0,
   0,
   0,
   0,
   0,
   0,
   0,
   0,
   0,
   0,
   0,
   0,
   0,
   0,
   0,
   0,
   0,
   0,
   0,
   0,
   0,
   0,
   0,
   0,
   0,
   0,
   0,
   0,
   0,
   0,
   0,
   0,
   0,
   0,
   0,
   0,
   0,
   0,
   0,
   0,
   0
  ],
  "movingFraction": [
   1,
   0.08064516129032258,
   0.3548387096774194,
   0.5,
   0.2553191489361702,
   0.5151515151515151,
   0.06060606060606061,
   0,
   0,
   0,
   0,
   0,
   0,
   0,
   0,
   0,
   0,
   0,
   0,
   0,
   0,
   0,
   0,
   0,
   0,
   0,
   0,
   0,
   0,
   0,
   0,
   0,
   0,
   0,
   0,
   0,
   0,
   0,
   0,
   0,
   0,
   0.0425531914893617,
   1,
   1,
   0.9897959183673469,
   0.7345132743362832,
   0.6785714285714286,
   0.5958904109589042,
   0.6549295774647887,
   0.5869565217391305,
   0.4,
   0.35,
   0.5714285714285714,
   0.2857142857142857,
   0.3333333333333333,
   0.7272727272727273,
   0.8421052631578947,
   1,
   1,
   1,
   1,
   0.5957446808510638,
   0.046511627906976744,
   0.5,
   0.3953488372093023,
   0.275,
   0.06666666666666667,
   0.02631578947368421,
   0,
   0,
   0,
   0,
   0,
   0,
   0,
   0,
   0,
   0,
   0,
   0,
   0,
   0,
   0,
   0,
   0,
   0,
   0,
   0,
   0,
   0,
   0,
   0,
   0,
   0,
   0,
   0,
   0,
   0,
   0,
   0,
   0,
   0,
   0,
   0,
   0,
   0,
   0,
   0,
   0,
   0,
   0,
   0,
   0,
   0,
   0,
   0,
   0,
   0,
   0
  ],
  "diffMean": [
   8.351658950617283,
   1.2329552469135803,
   2.471388888888889,
   2.5422993827160494,
   2.0533256172839507,
   1.9233333333333333,
   1.2225385802469135,
   0.712253086419753,
   0.5513966049382716,
   0.4372530864197531,
   0.05410493827160494,
   0.01960648148148148,
   0.04574845679012346,
   0.011095679012345679,
   0.21770061728395063,
   0.006141975308641976,
   0.006574074074074074,
   0.0010802469135802468,
   0.0006790123456790123,
   0.0027546296296296294,
   0.0029475308641975307,
   0.0004861111111111111,
   0.0005555555555555556,
   0.0024151234567901234,
   0.002322530864197531,
   0.0005401234567901234,
   0.0005709876543209877,
   0.0020756172839506174,
   0.002021604938271605,
   0.00033950617283950616,
   0.0002932098765432099,
   0.0018055555555555555,
   0.0021296296296296298,
   0.00030864197530864197,
   0.00036265432098765433,
   0.0019058641975308642,
   0.0051234567901234564,
   0.002044753086419753,
   0.020069444444444445,
   0.033881172839506174,
   0.38060956790123457,
   1.0781095679012345,
   2.459907407407407,
   4.604205246913581,
   7.315138888888889,
   12.572993827160493,
   17.7083487654321,
   18.759043209876545,
   18.572631172839507,
   17.59903549382716,
   15.877245370370371,
   14.003966049382717,
   13.124660493827161,
   12.681296296296296,
   11.00841049382716,
   10.101381172839506,
   7.8659490740740745,
   4.264413580246914,
   3.1913734567901235,
   2.4395447530864196,
   2.024429012345679,
   1.2951851851851852,
   0.8103935185185185,
   0.9409336419753086,
   0.648641975308642,
   0.5071219135802469,
   0.38094135802469137,
   0.3959645061728395,
   0.21660493827160493,
   0.13978395061728396,
   0.1267824074074074,
   0.06916666666666667,
   0.07192901234567901,
   0.012554012345679013,
   0.04251543209876543,
   0.019429012345679012,
   0.1385648148148148,
   0.0015277777777777779,
   0.007407407407407408,
   0.007569444444444445,
   0.00031635802469135804,
   0.00007716049382716049,
   0.002685185185185185,
   0.003070987654320988,
   0.00019290123456790122,
   0.00015432098765432098,
   0.002623456790123457,
   0.0025771604938271604,
   0.0001080246913580247,
   0.00007716049382716049,
   0.0024691358024691358,
   0.0024691358024691358,
   0.00011574074074074075,
   0.00007716049382716049,
   0.002476851851851852,
   0.00246141975308642,
   0.0001080246913580247,
   0.00007716049382716049,
   0.002476851851851852,
   0.0025540123456790124,
   0.00017746913580246913,
   0.00007716049382716049,
   0.002476851851851852,
   0.00246141975308642,
   0.0001080246913580247,
   0.00007716049382716049,
   0.002476851851851852,
   0.002685185185185185,
   0.0001080246913580247,
   0.00007716049382716049,
   0.0024691358024691358,
   0.002623456790123457,
   0.0005015432098765432,
   0.000625,
   0.002685185185185185,
   0.002384259259259259,
   0.00007716049382716049,
   0.00007716049382716049,
   0.002384259259259259
  ],