{
 "params": {
  "scale": 4,
  "blockSize": 16,
  "searchRadius": 12,
  "changedThreshold": 6,
  "blockActivityThreshold": 1.5,
  "movingThreshold": 0.3,
  "width": 480,
  "height": 270,
  "analysisWidth": 480,
  "analysisHeight": 270,
  "source": "mp4"
 },
 "fps": 30,
 "framePairs": 119,
 "series": {
  "blockSpeedMean": [
   0,
   0,
   4.331346613294575,
   3.6887479217316614,
   3.496396565280834,
   37.52941204744957,
   22.395815734607666,
   33.04255494166305,
   24.028989701725585,
   16.966295505839582,
   11.745841893664544,
   0,
   0,
   0,
   0,
   0,
   0,
   0,
   0,
   0,
   0,
   0,
   0,
   0,
   0,
   0,
   0,
   0,
   0,
   0,
   0,
   0,
   0,
   0,
   0,
   0,
   0,
   0,
   0,
   0,
   0,
   0,
   0,
   33.24253961819179,
   45.00138828659524,
   48,
   48,
   41,
   43.76926759080657,
   38.96333585952839,
   38.55401721199723,
   41.64981164263964,
   45.91663611656122,
   46.47959710368662,
   39.333333333333336,
   36,
   48,
   48,
   22.825133822445167,
   12.860311434416353,
   8.237899724541348,
   9.433888124763183,
   4.359221138067657,
   0,
   0,
   0,
   0,
   0,
   0,
   0,
   38.15584618882074,
   34.523079139637055,
   29.033559141668068,
   21.216220897247887,
   16.17699593879126,
   0,
   0,
   0,
   0,
   0,
   0,
   0,
   0,
   0,
   0,
   0,
   0,
   0,
   0,
   0,
   0,
   0,
   0,
   0,
   0,
   0,
   0,
   0,
   0,
   0,
   0,
   0,
   0,
   0,
   0,
   0,
   0,
   0,
   0,
   0,
   0,
   0,
   0,
   0,
   0,
   0,
   0,
   0,
   0
  ],
  "blockSpeedP95": [
   0,
   0,
   4.910152438686445,
   3.991400525445977,
   3.7260335652321395,
   37.52941204744957,
   40.77551481364423,
   33.04255494166305,
   24.028989701725585,
   16.966295505839582,
   11.745841893664544,
   0,
   0,
   0,
   0,
   0,
   0,
   0,
   0,
   0,
   0,
   0,
   0,
   0,
   0,
   0,
   0,
   0,
   0,
   0,
   0,
   0,
   0,
   0,
   0,
   0,
   0,
   0,
   0,
   0,
   0,
   0,
   0,
   33.2695652173913,
   48,
   48,
   48,
   48,
   57.669246459840686,
   52.80151512977635,
   52.80151512977635,
   56.50986584899671,
   51.61395160225576,
   50.99019513592785,
   48,
   48,
   48,
   48,
   32.84848484848485,
   21.733333333333334,
   13.192660550458715,
   10,
   4.359221138067657,
   0,
   0,
   0,
   0,
   0,
   0,
   0,
   38.15584618882074,
   34.523079139637055,
   29.033559141668068,
   21.216220897247887,
   16.17699593879126,
   0,
   0,
   0,
   0,
   0,
   0,
   0,
   0,
   0,
   0,
   0,
   0,
   0,
   0,
   0,
   0,
   0,
   0,
   0,
   0,
   0,
   0,
   0,
   0,
   0,
   0,
   0,
   0,
   0,
   0,
   0,
   0,
   0,
   0,
   0,
   0,
   0,
   0,
   0,
   0,
   0,
   0,
   0,
   0
  ],
  "movingFraction": [
   0,
   0,
   0.3404255319148936,
   0.32653061224489793,
   0.38,
   0.020833333333333332,
   0.04,
   0.030303030303030304,
   0.021739130434782608,
   0.125,
   1,
   0,
   0,
   0,
   0,
   0,
   0,
   0,
   0,
   0,
   0,
   0,
   0,
   0,
   0,
   0,
   0,
   0,
   0,
   0,
   0,
   0,
   0,
   0,
   0,
   0,
   0,
   0,
   0,
   0,
   0,
   0,
   0,
   1,
   1,
   0.3333333333333333,
   0.5,
   0.4,
   0.34444444444444444,
   0.44761904761904764,
   0.45714285714285713,
   0.3047619047619048,
   0.3333333333333333,
   0.38666666666666666,
   0.6,
   0.8,
   0.38461538461538464,
   0.3125,
   0.49206349206349204,
   0.46774193548387094,
   0.484375,
   0.26153846153846155,
   0.02,
   0,
   0,
   0,
   0,
   0,
   0,
   0,
   1,
   1,
   1,
   1,
   1,
   0,
   0,
   0,
   0,
   0,
   0,
   0,
   0,
   0,
   0,
   0,
   0,
   0,
   0,
   0,
   0,
   0,
   0,
   0,
   0,
   0,
   0,
   0,
   0,
   0,
   0,
   0,
   0,
   0,
   0,
   0,
   0,
   0,
   0,
   0,
   0,
   0,
   0,
   0,
   0,
   0,
   0,
   0,
   0
  ],
  "diffMean": [
   0.9661111111111111,
   0.9417901234567901,
   1.0524228395061728,
   0.9465277777777777,
   0.995871913580247,
   0.5889583333333334,
   0.7973919753086419,
   0.29432098765432096,
   0.38056327160493825,
   0.07673611111111112,
   0.020733024691358026,
   0.001890432098765432,
   0.001875,
   0.001072530864197531,
   0.0014583333333333334,
   0.000046296296296296294,
   0.00030864197530864197,
   0.0002700617283950617,
   0.0005478395061728395,
   0.000046296296296296294,
   0.00016975308641975308,
   0.00023919753086419754,
   0.000462962962962963,
   0.00010030864197530864,
   0.00016203703703703703,
   0.0002314814814814815,
   0.0002469135802469136,
   0.00014660493827160494,
   0.00016203703703703703,
   0.0002314814814814815,
   0.0002469135802469136,
   0.00014660493827160494,
   0.00016203703703703703,
   0.0002314814814814815,
   0.0002932098765432099,
   0.00016203703703703703,
   0.0022453703703703702,
   0.014822530864197532,
   0.07537037037037037,
   0.1860108024691358,
   0.37612654320987654,
   0.6553086419753087,
   1.070138888888889,
   1.6313734567901235,
   2.3410725308641975,
   5.75241512345679,
   8.378672839506173,
   10.99579475308642,
   12.936828703703704,
   13.289382716049383,
   13.70067901234568,
   13.746658950617284,
   13.314004629629629,
   12.981890432098766,
   11.033348765432098,
   8.424969135802469,
   6.8722916666666665,
   5.554398148148148,
   3.039953703703704,
   1.9775771604938273,
   1.5297685185185186,
   1.1637731481481481,
   0.8485108024691358,
   0.5031944444444445,
   0.31256944444444446,
   0.2469753086419753,
   0.2882947530864198,
   0.25002314814814813,
   0.6604475308641975,
   1.2699691358024692,
   0.9327237654320988,
   0.007546296296296297,
   0.006165123456790124,
   0.004837962962962963,
   0.0036728395061728395,
   0.0025925925925925925,
   0.0017978395061728396,
   0.0012037037037037038,
   0.0006712962962962962,
   0.00020833333333333335,
   0.000038580246913580246,
   0.000046296296296296294,
   0.0000308641975308642,
   0,
   0,
   0.0000308641975308642,
   0.0000308641975308642,
   0,
   0,
   0.0000308641975308642,
   0.0000308641975308642,
   0,
   0,
   0.0000308641975308642,
   0.0000308641975308642,
   0,
   0,
   0.0000308641975308642,
   0.0000308641975308642,
   0,
   0,
   0.0000308641975308642,
   0.0000308641975308642,
   0,
   0,
   0.0000308641975308642,
   0.0000308641975308642,
   0,
   0,
   0.0000308641975308642,
   0.0000308641975308642,
   0,
   0,
   0.0000308641975308642,
   0.0000308641975308642,
   0,
   0,
   0.0000308641975308642,
   0
  ],