{
 "params": {
  "scale": 4,
  "blockSize": 16,
  "searchRadius": 12,
  "changedThreshold": 6,
  "blockActivityThreshold": 1.5,
  "movingThreshold": 0.3,
  "width": 480,
  "height": 270,
  "analysisWidth": 480,
  "analysisHeight": 270,
  "source": "mp4"
 },
 "fps": 30,
 "framePairs": 149,
 "series": {
  "blockSpeedMean": [
   0,
   0,
   0,
   0,
   0,
   0,
   0,
   0,
   0,
   0,
   0,
   0,
   0,
   19.524668262492263,
   13.961178533274854,
   13.132028491230352,
   11.456992812689501,
   8.07379500849447,
   6.876692908660574,
   4.7697090885404165,
   4.87197934720584,
   4.743091628054311,
   4.774819634118989,
   4.0613896968085275,
   3.696718989127954,
   3.311689960000849,
   0,
   0,
   0,
   0,
   0,
   0,
   0,
   0,
   0,
   0,
   0,
   0,
   0,
   0,
   0,
   0,
   0,
   0,
   0,
   0,
   0,
   0,
   0,
   0,
   0,
   0,
   0,
   0,
   0,
   0,
   0,
   0,
   0,
   0,
   0,
   0,
   0,
   0,
   0,
   0,
   0,
   0,
   0,
   0,
   0,
   0,
   0,
   0,
   0,
   0,
   0,
   0,
   0,
   0,
   0,
   0,
   0,
   0,
   0,
   0,
   0,
   0,
   0,
   0,
   0,
   0,
   0,
   0,
   0,
   0,
   0,
   0,
   0,
   0,
   0,
   0,
   0,
   0,
   0,
   0,
   0,
   0,
   0,
   0,
   0,
   0,
   0,
   0,
   0,
   0,
   0,
   0,
   0,
   0,
   0,
   0,
   0,
   0,
   0,
   0,
   0,
   0,
   0,
   0,
   0,
   0,
   0,
   3.2817875535419794,
   3.6951522194102524,
   3.791993935265806,
   3.827952597414466,
   5.94867163581954,
   10.047260914081598,
   7.085965379435,
   6.722918978553962,
   33.323372660407315,
   32.44412757247056,
   18,
   22,
   0,
   0,
   0,
   0
  ],
  "blockSpeedP95": [
   0,
   0,
   0,
   0,
   0,
   0,
   0,
   0,
   0,
   0,
   0,
   0,
   0,
   30.543516852008633,
   22.0940282364141,
   17.370063360102026,
   11.456992812689501,
   8.362553217274252,
   7.253311896400024,
   4.990240700088388,
   8.25093551714667,
   7.351139299202505,
   4.896963077236063,
   4.1828816618655384,
   3.9022545742412698,
   3.311689960000849,
   0,
   0,
   0,
   0,
   0,
   0,
   0,
   0,
   0,
   0,
   0,
   0,
   0,
   0,
   0,
   0,
   0,
   0,
   0,
   0,
   0,
   0,
   0,
   0,
   0,
   0,
   0,
   0,
   0,
   0,
   0,
   0,
   0,
   0,
   0,
   0,
   0,
   0,
   0,
   0,
   0,
   0,
   0,
   0,
   0,
   0,
   0,
   0,
   0,
   0,
   0,
   0,
   0,
   0,
   0,
   0,
   0,
   0,
   0,
   0,
   0,
   0,
   0,
   0,
   0,
   0,
   0,
   0,
   0,
   0,
   0,
   0,
   0,
   0,
   0,
   0,
   0,
   0,
   0,
   0,
   0,
   0,
   0,
   0,
   0,
   0,
   0,
   0,
   0,
   0,
   0,
   0,
   0,
   0,
   0,
   0,
   0,
   0,
   0,
   0,
   0,
   0,
   0,
   0,
   0,
   0,
   0,
   3.404995742996804,
   3.805527857019814,
   4.1592590532631295,
   4.604823560438796,
   14.601609499226626,
   22,
   18,
   7.521663527156151,
   54.407531243385776,
   46,
   18,
   22,
   0,
   0,
   0,
   0
  ],
  "movingFraction": [
   0,
   0,
   0,
   0,
   0,
   0,
   0,
   0,
   0,
   0,
   0,
   0,
   0,
   1,
   1,
   0.15,
   0.05263157894736842,
   0.8947368421052632,
   0.8421052631578947,
   0.6956521739130435,
   0.7692307692307693,
   0.8888888888888888,
   0.2962962962962963,
   0.2962962962962963,
   0.2962962962962963,
   0.037037037037037035,
   0,
   0,
   0,
   0,
   0,
   0,
   0,
   0,
   0,
   0,
   0,
   0,
   0,
   0,
   0,
   0,
   0,
   0,
   0,
   0,
   0,
   0,
   0,
   0,
   0,
   0,
   0,
   0,
   0,
   0,
   0,
   0,
   0,
   0,
   0,
   0,
   0,
   0,
   0,
   0,
   0,
   0,
   0,
   0,
   0,
   0,
   0,
   0,
   0,
   0,
   0,
   0,
   0,
   0,
   0,
   0,
   0,
   0,
   0,
   0,
   0,
   0,
   0,
   0,
   0,
   0,
   0,
   0,
   0,
   0,
   0,
   0,
   0,
   0,
   0,
   0,
   0,
   0,
   0,
   0,
   0,
   0,
   0,
   0,
   0,
   0,
   0,
   0,
   0,
   0,
   0,
   0,
   0,
   0,
   0,
   0,
   0,
   0,
   0,
   0,
   0,
   0,
   0,
   0,
   0,
   0,
   0,
   0.1111111111111111,
   0.2962962962962963,
   0.4074074074074074,
   0.8888888888888888,
   0.8888888888888888,
   0.9230769230769231,
   1,
   0.7,
   0.65,
   0.95,
   1,
   1,
   0,
   0,
   0,
   0
  ],
  "diffMean": [
   0,
   0,
   0,
   0,
   0,
   0,
   0,
   0,
   0,
   0,
   0,
   0,
   0.00558641975308642,
   0.019799382716049384,
   0.03409722222222222,
   0.20655864197530865,
   0.49863425925925925,
   0.6915972222222222,
   0.7483950617283951,
   0.7854398148148148,
   0.785570987654321,
   0.7483256172839506,
   0.6694521604938272,
   0.5915817901234568,
   0.4437577160493827,
   0.3641589506172839,
   0.25787037037037036,
   0.18567901234567902,
   0.11545524691358025,
   0.07140432098765433,
   0.03722222222222222,
   0.020493827160493826,
   0.013317901234567902,
   0.0059490740740740745,
   0.0005632716049382716,
   0.00020833333333333335,
   0.00022376543209876544,
   0.00018518518518518518,
   0.00014660493827160494,
   0.00018518518518518518,
   0.00020061728395061727,
   0.0001080246913580247,
   0.0001388888888888889,
   0.00018518518518518518,
   0.00018518518518518518,
   0.00010030864197530864,
   0.0001080246913580247,
   0.00018518518518518518,
   0.00018518518518518518,
   0.00010030864197530864,
   0.00010030864197530864,
   0.00018518518518518518,
   0.00018518518518518518,
   0.00010030864197530864,
   0.00010030864197530864,
   0.00018518518518518518,
   0.00018518518518518518,
   0.00010030864197530864,
   0.00010030864197530864,
   0.00018518518518518518,
   0.00018518518518518518,
   0.00010030864197530864,
   0.00010030864197530864,
   0.00018518518518518518,
   0.00018518518518518518,
   0.00010030864197530864,
   0.00010030864197530864,
   0.00018518518518518518,
   0.00018518518518518518,
   0.00010030864197530864,
   0.00010030864197530864,
   0.00018518518518518518,
   0.00018518518518518518,
   0.00010030864197530864,
   0.00010030864197530864,
   0.00018518518518518518,
   0.00018518518518518518,
   0.00010030864197530864,
   0.00010030864197530864,
   0.00018518518518518518,
   0.00018518518518518518,
   0.00010030864197530864,
   0.00010030864197530864,
   0.00018518518518518518,
   0.00018518518518518518,
   0.00010030864197530864,
   0.00010030864197530864,
   0.00018518518518518518,
   0.00018518518518518518,
   0.00010030864197530864,
   0.00010030864197530864,
   0.00018518518518518518,
   0.00018518518518518518,
   0.00010030864197530864,
   0.00010030864197530864,
   0.00018518518518518518,
   0.00018518518518518518,
   0.00010030864197530864,
   0.00010030864197530864,
   0.00018518518518518518,
   0.00018518518518518518,
   0.00010030864197530864,
   0.00010030864197530864,
   0.00018518518518518518,
   0.00018518518518518518,
   0.00009259259259259259,
   0.00009259259259259259,
   0.00018518518518518518,
   0.00018518518518518518,
   0.00009259259259259259,
   0.00009259259259259259,
   0.00018518518518518518,
   0.00018518518518518518,
   0.00009259259259259259,
   0.00009259259259259259,
   0.00018518518518518518,
   0.00018518518518518518,
   0.00009259259259259259,
   0.00009259259259259259,
   0.00018518518518518518,
   0.00018518518518518518,
   0.00009259259259259259,
   0.00009259259259259259,
   0.00018518518518518518,
   0.00018518518518518518,
   0.00009259259259259259,
   0.0022993827160493825,
   0.01271604938271605,
   0.03169753086419753,
   0.09274691358024692,
   0.1499074074074074,
   0.23056327160493828,
   0.3508101851851852,
   0.4671219135802469,
   0.6078240740740741,
   0.6709645061728395,
   0.7705015432098765,
   0.7765354938271605,
   0.7578549382716049,
   0.6757947530864198,
   0.5705787037037037,
   0.47226851851851853,
   0.29193672839506174,
   0.010439814814814815,
   0.0038348765432098765,
   0.00013117283950617284,
   0,
   0,
   0
  ],