{
 "params": {
  "scale": 4,
  "blockSize": 16,
  "searchRadius": 12,
  "changedThreshold": 6,
  "blockActivityThreshold": 1.5,
  "movingThreshold": 0.3,
  "width": 480,
  "height": 270,
  "analysisWidth": 480,
  "analysisHeight": 270,
  "source": "mp4"
 },
 "fps": 30,
 "framePairs": 119,
 "series": {
  "blockSpeedMean": [
   0,
   0,
   0,
   3.6122611040634656,
   15.548332140764593,
   26.0066651024238,
   35,
   26.00000011356826,
   13.875,
   0,
   0,
   0,
   0,
   0,
   0,
   0,
   0,
   0,
   0,
   0,
   0,
   0,
   0,
   0,
   0,
   0,
   0,
   0,
   0,
   0,
   0,
   0,
   0,
   0,
   0,
   0,
   0,
   0,
   0,
   0,
   0,
   0,
   0,
   34.44588993502269,
   47.66412998639219,
   48,
   48.00138828659524,
   40.666666666666664,
   39.21760149812702,
   40.48461904430643,
   44.14975990356138,
   40.97014330006963,
   40.19389563410898,
   39,
   42.00092552439683,
   37.333333333333336,
   48,
   48.00277657319048,
   6,
   10.959113538990096,
   6.422072938221258,
   5.032474197853775,
   4.517852275212472,
   11.053458337093122,
   15.995818492269711,
   19.44968298404602,
   22,
   12.33333400597928,
   0,
   0,
   0,
   3.8744505204937667,
   3.8898307269044894,
   0,
   0,
   0,
   0,
   0,
   0,
   0,
   0,
   0,
   0,
   0,
   0,
   0,
   0,
   0,
   0,
   0,
   0,
   0,
   0,
   0,
   0,
   0,
   0,
   0,
   0,
   0,
   0,
   0,
   0,
   0,
   0,
   0,
   0,
   0,
   0,
   0,
   0,
   0,
   0,
   0,
   0,
   0,
   0,
   0,
   0
  ],
  "blockSpeedP95": [
   0,
   0,
   0,
   3.9342214035134595,
   46,
   48.000000138243294,
   35,
   26.00000011356826,
   13.875,
   0,
   0,
   0,
   0,
   0,
   0,
   0,
   0,
   0,
   0,
   0,
   0,
   0,
   0,
   0,
   0,
   0,
   0,
   0,
   0,
   0,
   0,
   0,
   0,
   0,
   0,
   0,
   0,
   0,
   0,
   0,
   0,
   0,
   0,
   34.53012048192771,
   48.041648597857254,
   48,
   48,
   48,
   51.26402247190518,
   48,
   50.43048760628308,
   53.656317745702395,
   48,
   48,
   48,
   48,
   48,
   48.041648597857254,
   6,
   11.548230872839687,
   9.155956367925752,
   7.07422237358089,
   6.393066745870897,
   48,
   48.000000505853734,
   35.516666666666666,
   22,
   12.33333400597928,
   0,
   0,
   0,
   4.430517711171662,
   4.436222827766997,
   0,
   0,
   0,
   0,
   0,
   0,
   0,
   0,
   0,
   0,
   0,
   0,
   0,
   0,
   0,
   0,
   0,
   0,
   0,
   0,
   0,
   0,
   0,
   0,
   0,
   0,
   0,
   0,
   0,
   0,
   0,
   0,
   0,
   0,
   0,
   0,
   0,
   0,
   0,
   0,
   0,
   0,
   0,
   0,
   0,
   0
  ],
  "movingFraction": [
   0,
   0,
   0,
   0.32608695652173914,
   0.08333333333333333,
   0.08333333333333333,
   0.022222222222222223,
   0.022222222222222223,
   1,
   0,
   0,
   0,
   0,
   0,
   0,
   0,
   0,
   0,
   0,
   0,
   0,
   0,
   0,
   0,
   0,
   0,
   0,
   0,
   0,
   0,
   0,
   0,
   0,
   0,
   0,
   0,
   0,
   0,
   0,
   0,
   0,
   0,
   0,
   1,
   1,
   0.3333333333333333,
   0.5,
   0.6,
   0.3333333333333333,
   0.34444444444444444,
   0.3047619047619048,
   0.3142857142857143,
   0.4777777777777778,
   0.4,
   0.6,
   0.75,
   0.5,
   1,
   0.3191489361702128,
   0.058823529411764705,
   0.20588235294117646,
   0.5882352941176471,
   0.6730769230769231,
   0.1346153846153846,
   0.1346153846153846,
   0.041666666666666664,
   0.02702702702702703,
   0.02702702702702703,
   0,
   0,
   0,
   0.4666666666666667,
   0.5238095238095238,
   0,
   0,
   0,
   0,
   0,
   0,
   0,
   0,
   0,
   0,
   0,
   0,
   0,
   0,
   0,
   0,
   0,
   0,
   0,
   0,
   0,
   0,
   0,
   0,
   0,
   0,
   0,
   0,
   0,
   0,
   0,
   0,
   0,
   0,
   0,
   0,
   0,
   0,
   0,
   0,
   0,
   0,
   0,
   0,
   0,
   0
  ],
  "diffMean": [
   0.9798148148148148,
   0.9830478395061728,
   0.946658950617284,
   0.9227546296296296,
   0.848287037037037,
   0.7352777777777778,
   0.43789351851851854,
   0.404266975308642,
   0.03322530864197531,
   0.23797067901234567,
   0.002229938271604938,
   0.001705246913580247,
   0.0016280864197530864,
   0.00000771604938271605,
   0.0002546296296296296,
   0.0012191358024691357,
   0.0012037037037037038,
   0.00023919753086419754,
   0.00023919753086419754,
   0.0011111111111111111,
   0.0011111111111111111,
   0.00023919753086419754,
   0.00023919753086419754,
   0.0010570987654320988,
   0.0010570987654320988,
   0.00023919753086419754,
   0.0002546296296296296,
   0.0010108024691358026,
   0.0010108024691358026,
   0.0002546296296296296,
   0.0002546296296296296,
   0.0010108024691358026,
   0.0010108024691358026,
   0.0002546296296296296,
   0.0002546296296296296,
   0.0010108024691358026,
   0.005185185185185185,
   0.035833333333333335,
   0.08977623456790124,
   0.26180555555555557,
   0.5914506172839507,
   0.932662037037037,
   1.3183333333333334,
   1.923395061728395,
   2.6711574074074074,
   6.39292438271605,
   8.943086419753087,
   11.659058641975308,
   13.229513888888889,
   13.682692901234567,
   14.072091049382717,
   14.19707561728395,
   13.635972222222222,
   13.233016975308642,
   11.65391975308642,
   8.947631172839506,
   6.241481481481482,
   2.2500077160493825,
   2.037854938271605,
   2.2179398148148146,
   1.9637268518518518,
   1.7044058641975308,
   1.571358024691358,
   1.0018518518518518,
   0.8101543209876543,
   0.4021219135802469,
   0.2780015432098765,
   0.26046296296296295,
   0.0019675925925925924,
   0.0014506172839506173,
   0.0929320987654321,
   0.7773611111111111,
   0.7879783950617284,
   0.09659722222222222,
   0.002484567901234568,
   0.00253858024691358,
   0.0026157407407407405,
   0.0025308641975308644,
   0.00006944444444444444,
   0.00007716049382716049,
   0.0024074074074074076,
   0.002384259259259259,
   0.00005401234567901235,
   0.0001080246913580247,
   0.0002160493827160494,
   0.00020061728395061727,
   0.0001080246913580247,
   0.000046296296296296294,
   0.0001234567901234568,
   0.0001234567901234568,
   0.000046296296296296294,
   0.000046296296296296294,
   0.0001234567901234568,
   0.0001234567901234568,
   0.000046296296296296294,
   0.000046296296296296294,
   0.0001234567901234568,
   0.0001234567901234568,
   0.000046296296296296294,
   0.000046296296296296294,
   0.0001234567901234568,
   0.0001234567901234568,
   0.000046296296296296294,
   0.000046296296296296294,
   0.0001234567901234568,
   0.0001234567901234568,
   0.000046296296296296294,
   0.000046296296296296294,
   0.0001234567901234568,
   0.0001234567901234568,
   0.000046296296296296294,
   0.000046296296296296294,
   0.0001234567901234568,
   0.0001234567901234568,
   0.000046296296296296294,
   0.000046296296296296294,
   0.0001234567901234568,
   0.0001080246913580247,
   0.0001080246913580247
  ],