{
 "params": {
  "scale": 4,
  "blockSize": 16,
  "searchRadius": 12,
  "changedThreshold": 6,
  "blockActivityThreshold": 1.5,
  "movingThreshold": 0.3,
  "width": 480,
  "height": 270,
  "analysisWidth": 480,
  "analysisHeight": 270,
  "source": "mp4"
 },
 "fps": 30,
 "framePairs": 110,
 "series": {
  "blockSpeedMean": [
   0,
   53.144211454759144,
   55.66204229527444,
   44.468154488756255,
   41.70861157387207,
   38.68040045381445,
   28.16309125641411,
   23.10707173384899,
   16.624661747615733,
   12.509846263468466,
   10.964688986367575,
   7.908404378759632,
   6.515266324823268,
   4.302621986027214,
   5.046108377360612,
   7.458045907957097,
   8.981723813738991,
   9.093645920592007,
   19.85899176882605,
   16.548345306320005,
   7.7735643877217155,
   4.003728264172363,
   5.116264922835504,
   4.216813984728901,
   4.183932229961821,
   0,
   0,
   0,
   0,
   0,
   0,
   0,
   0,
   0,
   0,
   0,
   0,
   0,
   0,
   0,
   0,
   0,
   0,
   0,
   0,
   0,
   0,
   0,
   0,
   0,
   0,
   0,
   0,
   0,
   0,
   0,
   0,
   0,
   0,
   0,
   0,
   0,
   0,
   0,
   0,
   0,
   0,
   0,
   0,
   0,
   0,
   0,
   0,
   0,
   0,
   0,
   0,
   0,
   0,
   0,
   0,
   0,
   0,
   0,
   0,
   0,
   0,
   0,
   0,
   0,
   0,
   0,
   0,
   0,
   0,
   0,
   0,
   0,
   0,
   0,
   0,
   0,
   0,
   0,
   0,
   0,
   0,
   0,
   50.21917558329648,
   47.504613664703605
  ],
  "blockSpeedP95": [
   0,
   67.88225099390857,
   67.88225099390857,
   63.60939403462193,
   48.969589818997015,
   46,
   31.67161389520276,
   28.24492373088414,
   21.262012381477476,
   16.87074713157278,
   16.55025461228299,
   8.536082036864803,
   10.176219871929366,
   4.651592946498017,
   13.545503079493866,
   24.511687734009886,
   17.187169406975432,
   19.266908522783453,
   19.85899176882605,
   16.548345306320005,
   10.658532972271486,
   4.3193821428159795,
   25.307707406088834,
   4.280532377046413,
   4.20934414520754,
   0,
   0,
   0,
   0,
   0,
   0,
   0,
   0,
   0,
   0,
   0,
   0,
   0,
   0,
   0,
   0,
   0,
   0,
   0,
   0,
   0,
   0,
   0,
   0,
   0,
   0,
   0,
   0,
   0,
   0,
   0,
   0,
   0,
   0,
   0,
   0,
   0,
   0,
   0,
   0,
   0,
   0,
   0,
   0,
   0,
   0,
   0,
   0,
   0,
   0,
   0,
   0,
   0,
   0,
   0,
   0,
   0,
   0,
   0,
   0,
   0,
   0,
   0,
   0,
   0,
   0,
   0,
   0,
   0,
   0,
   0,
   0,
   0,
   0,
   0,
   0,
   0,
   0,
   0,
   0,
   0,
   0,
   0,
   58.3061312236681,
   58.80011895105184
  ],
  "movingFraction": [
   0,
   0.7272727272727273,
   0.8666666666666667,
   0.9,
   1,
   1,
   1,
   1,
   1,
   1,
   1,
   1,
   0.75,
   0.7142857142857143,
   0.7142857142857143,
   0.7142857142857143,
   0.38461538461538464,
   0.4166666666666667,
   0.05,
   0.05,
   0.6666666666666666,
   0.5454545454545454,
   0.6190476190476191,
   0.19047619047619047,
   0.3076923076923077,
   0,
   0,
   0,
   0,
   0,
   0,
   0,
   0,
   0,
   0,
   0,
   0,
   0,
   0,
   0,
   0,
   0,
   0,
   0,
   0,
   0,
   0,
   0,
   0,
   0,
   0,
   0,
   0,
   0,
   0,
   0,
   0,
   0,
   0,
   0,
   0,
   0,
   0,
   0,
   0,
   0,
   0,
   0,
   0,
   0,
   0,
   0,
   0,
   0,
   0,
   0,
   0,
   0,
   0,
   0,
   0,
   0,
   0,
   0,
   0,
   0,
   0,
   0,
   0,
   0,
   0,
   0,
   0,
   0,
   0,
   0,
   0,
   0,
   0,
   0,
   0,
   0,
   0,
   0,
   0,
   0,
   0,
   0,
   0.17857142857142858,
   0.16666666666666666
  ],
  "diffMean": [
   0.931033950617284,
   1.5070293209876544,
   2.038850308641975,
   1.576929012345679,
   1.2130941358024692,
   0.9309645061728395,
   0.7146296296296296,
   0.5502623456790123,
   0.42319444444444443,
   0.3252777777777778,
   0.25098765432098763,
   0.19623456790123456,
   0.2857253086419753,
   0.24217592592592593,
   0.2221141975308642,
   0.2040509259259259,
   0.18655864197530864,
   0.16020833333333334,
   0.3050385802469136,
   0.5402083333333333,
   0.6226543209876543,
   0.5443904320987655,
   0.4755864197530864,
   0.3756481481481482,
   0.14275462962962962,
   0.21030092592592592,
   0.05326388888888889,
   0.04722993827160494,
   0.13056327160493827,
   0.014714506172839505,
   0.15675154320987655,
   0.01579475308641975,
   0.15472222222222223,
   0.019182098765432098,
   0.156304012345679,
   0.018657407407407407,
   0.04905092592592593,
   0.13272376543209877,
   0.15866512345679012,
   0.01880401234567901,
   0.04647376543209877,
   0.12698302469135803,
   0.048510802469135805,
   0.12738425925925925,
   0.04658179012345679,
   0.1287885802469136,
   0.015285493827160494,
   0.04121141975308642,
   0.12278549382716049,
   0.01040895061728395,
   0.010061728395061729,
   0.03640432098765432,
   0.11489197530864198,
   0.003310185185185185,
   0.0027469135802469136,
   0.003256172839506173,
   0.0032253086419753085,
   0.0012654320987654322,
   0.0042361111111111115,
   0.11364969135802469,
   0.005316358024691358,
   0.03739969135802469,
   0.010246913580246913,
   0.01087962962962963,
   0.153125,
   0.013101851851851852,
   0.12895833333333334,
   0.04371141975308642,
   0.017554012345679014,
   0.15597222222222223,
   0.01919753086419753,
   0.15391203703703704,
   0.019305555555555555,
   0.15777777777777777,
   0.020069444444444445,
   0.16242283950617284,
   0.019367283950617285,
   0.15726851851851853,
   0.018194444444444444,
   0.12681327160493827,
   0.04631172839506173,
   0.12729938271604938,
   0.04377314814814815,
   0.01669753086419753,
   0.12613425925925925,
   0.0431712962962963,
   0.010748456790123456,
   0.11967592592592592,
   0.03806327160493827,
   0.006072530864197531,
   0.007391975308641975,
   0.004675925925925926,
   0.0030324074074074073,
   0.0030555555555555557,
   0.002677469135802469,
   0.0027083333333333334,
   0.0062268518518518515,
   0.05850308641975309,
   0.0785030864197531,
   0.11364197530864198,
   0.14087191358024692,
   0.2452777777777778,
   0.217391975308642,
   0.28805555555555556,
   0.24808641975308643,
   0.2616435185185185,
   0.3201929012345679,
   0.3320216049382716,
   0.39186728395061726,
   0.40021604938271604
  ],