{
 "params": {
  "scale": 4,
  "blockSize": 16,
  "searchRadius": 12,
  "changedThreshold": 6,
  "blockActivityThreshold": 1.5,
  "movingThreshold": 0.3,
  "width": 480,
  "height": 270,
  "analysisWidth": 480,
  "analysisHeight": 270,
  "source": "mp4"
 },
 "fps": 30,
 "framePairs": 149,
 "series": {
  "blockSpeedMean": [
   0,
   0,
   0,
   0,
   0,
   0,
   0,
   0,
   0,
   0,
   0,
   0,
   0,
   9.463477617595206,
   12.025691245150645,
   9.455152945738167,
   9.464003280090004,
   11.185740242833107,
   9.66582589627252,
   8.218342606098664,
   6.881772699240851,
   5.738960283386701,
   4.82563876087069,
   3.7327761873902157,
   3.716078845276083,
   3.208896020258433,
   0,
   0,
   0,
   0,
   0,
   0,
   0,
   0,
   0,
   0,
   0,
   0,
   0,
   0,
   0,
   0,
   0,
   0,
   0,
   0,
   0,
   0,
   0,
   0,
   0,
   0,
   0,
   0,
   0,
   0,
   0,
   0,
   0,
   0,
   0,
   0,
   0,
   0,
   0,
   0,
   0,
   0,
   0,
   0,
   0,
   0,
   0,
   0,
   0,
   0,
   0,
   0,
   0,
   0,
   0,
   0,
   0,
   0,
   0,
   0,
   0,
   0,
   0,
   0,
   0,
   0,
   0,
   0,
   0,
   0,
   0,
   0,
   0,
   0,
   0,
   0,
   0,
   0,
   0,
   0,
   0,
   0,
   0,
   0,
   0,
   0,
   0,
   0,
   0,
   0,
   0,
   0,
   0,
   0,
   0,
   0,
   0,
   0,
   0,
   0,
   0,
   0,
   0,
   0,
   0,
   0,
   0,
   3.3935422481717894,
   3.530152252560456,
   4.16245973083641,
   4.947489559537962,
   6.258774648947541,
   7.435158185888724,
   9.61376246150093,
   10.938378953841003,
   29.796168055522458,
   34.16389971172962,
   0,
   0,
   0,
   0,
   0,
   0
  ],
  "blockSpeedP95": [
   0,
   0,
   0,
   0,
   0,
   0,
   0,
   0,
   0,
   0,
   0,
   0,
   0,
   14.284625032581372,
   22.083320309728826,
   16.72258141443845,
   14.703632116935019,
   12.385747893164584,
   13.179274809934936,
   10,
   7.685989042264606,
   7.635029589478926,
   6.571284416410167,
   4.486650169105615,
   3.9117184740502204,
   3.503597975600114,
   0,
   0,
   0,
   0,
   0,
   0,
   0,
   0,
   0,
   0,
   0,
   0,
   0,
   0,
   0,
   0,
   0,
   0,
   0,
   0,
   0,
   0,
   0,
   0,
   0,
   0,
   0,
   0,
   0,
   0,
   0,
   0,
   0,
   0,
   0,
   0,
   0,
   0,
   0,
   0,
   0,
   0,
   0,
   0,
   0,
   0,
   0,
   0,
   0,
   0,
   0,
   0,
   0,
   0,
   0,
   0,
   0,
   0,
   0,
   0,
   0,
   0,
   0,
   0,
   0,
   0,
   0,
   0,
   0,
   0,
   0,
   0,
   0,
   0,
   0,
   0,
   0,
   0,
   0,
   0,
   0,
   0,
   0,
   0,
   0,
   0,
   0,
   0,
   0,
   0,
   0,
   0,
   0,
   0,
   0,
   0,
   0,
   0,
   0,
   0,
   0,
   0,
   0,
   0,
   0,
   0,
   0,
   3.543469659950728,
   4.042953959835634,
   4.7861004065052795,
   6.2560620392026935,
   7.434522860101471,
   8.349619353730423,
   39.53715603170726,
   25.137975473013512,
   65.44297700089203,
   56.60388679233962,
   0,
   0,
   0,
   0,
   0,
   0
  ],
  "movingFraction": [
   0,
   0,
   0,
   0,
   0,
   0,
   0,
   0,
   0,
   0,
   0,
   0,
   0,
   1,
   1,
   0.3076923076923077,
   0.2222222222222222,
   0.9444444444444444,
   0.9,
   0.9,
   0.8333333333333334,
   0.8888888888888888,
   0.8888888888888888,
   0.8888888888888888,
   0.4444444444444444,
   0.3888888888888889,
   0,
   0,
   0,
   0,
   0,
   0,
   0,
   0,
   0,
   0,
   0,
   0,
   0,
   0,
   0,
   0,
   0,
   0,
   0,
   0,
   0,
   0,
   0,
   0,
   0,
   0,
   0,
   0,
   0,
   0,
   0,
   0,
   0,
   0,
   0,
   0,
   0,
   0,
   0,
   0,
   0,
   0,
   0,
   0,
   0,
   0,
   0,
   0,
   0,
   0,
   0,
   0,
   0,
   0,
   0,
   0,
   0,
   0,
   0,
   0,
   0,
   0,
   0,
   0,
   0,
   0,
   0,
   0,
   0,
   0,
   0,
   0,
   0,
   0,
   0,
   0,
   0,
   0,
   0,
   0,
   0,
   0,
   0,
   0,
   0,
   0,
   0,
   0,
   0,
   0,
   0,
   0,
   0,
   0,
   0,
   0,
   0,
   0,
   0,
   0,
   0,
   0,
   0,
   0,
   0,
   0,
   0,
   0.4444444444444444,
   0.8888888888888888,
   0.8888888888888888,
   0.8888888888888888,
   0.8888888888888888,
   0.8421052631578947,
   0.9473684210526315,
   1,
   1,
   1,
   0,
   0,
   0,
   0,
   0,
   0
  ],
  "diffMean": [
   0,
   0,
   0,
   0,
   0,
   0,
   0,
   0,
   0,
   0,
   0,
   0,
   0.02109567901234568,
   0.03888117283950617,
   0.047623456790123454,
   0.1804320987654321,
   0.4490046296296296,
   0.7025385802469136,
   0.851983024691358,
   0.9354938271604938,
   0.947037037037037,
   0.9558641975308642,
   0.8941820987654321,
   0.7794984567901234,
   0.6503935185185186,
   0.5181944444444444,
   0.3642592592592593,
   0.28922067901234566,
   0.18689814814814815,
   0.10844135802469136,
   0.06401234567901234,
   0.03252314814814815,
   0.01257716049382716,
   0.007862654320987655,
   0.0010416666666666667,
   0.00007716049382716049,
   0.00006944444444444444,
   0.0005246913580246914,
   0.0004938271604938272,
   0,
   0.00005401234567901235,
   0.00008487654320987654,
   0.00008487654320987654,
   0.000038580246913580246,
   0.000038580246913580246,
   0.00008487654320987654,
   0.00009259259259259259,
   0.000038580246913580246,
   0.000038580246913580246,
   0.00006944444444444444,
   0.00006944444444444444,
   0.000038580246913580246,
   0.000038580246913580246,
   0.00006944444444444444,
   0.00006944444444444444,
   0.000038580246913580246,
   0.000038580246913580246,
   0.00006944444444444444,
   0.00006944444444444444,
   0.000038580246913580246,
   0.000038580246913580246,
   0.00006944444444444444,
   0.00006944444444444444,
   0.000038580246913580246,
   0.000038580246913580246,
   0.00006944444444444444,
   0.00006944444444444444,
   0.000038580246913580246,
   0.000038580246913580246,
   0.00006944444444444444,
   0.00006944444444444444,
   0.000038580246913580246,
   0.000038580246913580246,
   0.00006944444444444444,
   0.00006944444444444444,
   0.000038580246913580246,
   0.000038580246913580246,
   0.00006944444444444444,
   0.00006944444444444444,
   0.000038580246913580246,
   0.000038580246913580246,
   0.00006944444444444444,
   0.00006944444444444444,
   0.000038580246913580246,
   0.000038580246913580246,
   0.00006944444444444444,
   0.00006944444444444444,
   0.000038580246913580246,
   0.000038580246913580246,
   0.00006944444444444444,
   0.00011574074074074075,
   0.00005401234567901235,
   0.000038580246913580246,
   0.0000617283950617284,
   0.0000617283950617284,
   0.000038580246913580246,
   0.000038580246913580246,
   0.0000617283950617284,
   0.0000617283950617284,
   0.000038580246913580246,
   0.000038580246913580246,
   0.0000617283950617284,
   0.0002160493827160494,
   0,
   0.000046296296296296294,
   0.00015432098765432098,
   0.00018518518518518518,
   0.00000771604938271605,
   0.000038580246913580246,
   0.00006944444444444444,
   0.0000617283950617284,
   0.000038580246913580246,
   0.000038580246913580246,
   0.0000617283950617284,
   0.0000617283950617284,
   0.000038580246913580246,
   0.000038580246913580246,
   0.00010030864197530864,
   0.00010030864197530864,
   0.000038580246913580246,
   0.000038580246913580246,
   0.0000617283950617284,
   0.00016203703703703703,
   0.000038580246913580246,
   0.000038580246913580246,
   0.00008487654320987654,
   0.0042824074074074075,
   0.014992283950617283,
   0.05650462962962963,
   0.1412037037037037,
   0.22650462962962964,
   0.3568595679012346,
   0.5121836419753086,
   0.6394907407407407,
   0.7762654320987654,
   0.9007330246913581,
   0.9373225308641975,
   0.9389814814814815,
   0.8645216049382716,
   0.7610725308641976,
   0.6167515432098766,
   0.4513811728395062,
   0.2267206790123457,
   0,
   0,
   0,
   0,
   0,
   0
  ],