{
 "params": {
  "scale": 4,
  "blockSize": 16,
  "searchRadius": 12,
  "changedThreshold": 6,
  "blockActivityThreshold": 1.5,
  "movingThreshold": 0.3,
  "width": 480,
  "height": 270,
  "analysisWidth": 480,
  "analysisHeight": 270,
  "source": "mp4"
 },
 "fps": 30,
 "framePairs": 119,
 "series": {
  "blockSpeedMean": [
   0,
   7.789223310834765,
   6.028368178113483,
   3.8808203162558828,
   3.6763360343351734,
   0,
   0,
   0,
   0,
   0,
   0,
   0,
   0,
   0,
   0,
   0,
   0,
   0,
   0,
   0,
   0,
   0,
   0,
   0,
   0,
   0,
   0,
   0,
   0,
   0,
   0,
   0,
   0,
   0,
   0,
   0,
   0,
   0,
   0,
   0,
   19.18756825673732,
   27.110675578512026,
   39.914605731684,
   26.175719022700278,
   19.867553112132743,
   20.857751315181577,
   26.622223753063686,
   27.81730147152413,
   29.948048035735543,
   35.62815245237211,
   39.220521632190206,
   46.314214796415406,
   40.59053319462718,
   35.259712827184416,
   31.675810705989765,
   28.870612307043647,
   29.29766225682115,
   23.385928893472794,
   21.831817540903188,
   11.688051397314286,
   4.333570978521879,
   3.7677341035745644,
   3.8887634232688986,
   0,
   0,
   0,
   0,
   0,
   0,
   0,
   0,
   0,
   0,
   0,
   0,
   0,
   0,
   0,
   0,
   0,
   0,
   0,
   0,
   0,
   0,
   0,
   0,
   0,
   0,
   0,
   0,
   0,
   0,
   0,
   0,
   0,
   0,
   0,
   0,
   0,
   0,
   0,
   0,
   0,
   0,
   0,
   0,
   0,
   0,
   0,
   0,
   0,
   0,
   0,
   0,
   0,
   0,
   0,
   0
  ],
  "blockSpeedP95": [
   0,
   8.297214833513896,
   8.357768377065868,
   4.391142091469252,
   5.341176470588235,
   0,
   0,
   0,
   0,
   0,
   0,
   0,
   0,
   0,
   0,
   0,
   0,
   0,
   0,
   0,
   0,
   0,
   0,
   0,
   0,
   0,
   0,
   0,
   0,
   0,
   0,
   0,
   0,
   0,
   0,
   0,
   0,
   0,
   0,
   0,
   24.848577340387312,
   32.18893205651246,
   40.005707297187115,
   67.88225099390857,
   67.88225099390857,
   67.88225099390857,
   67.88225099390857,
   67.88225099390857,
   67.88225099390857,
   67.88225099390857,
   67.88225099390857,
   67.88225099390857,
   67.88225099390857,
   67.88225099390857,
   67.88225099390857,
   67.88225099390857,
   67.88225099390857,
   67.88225099390857,
   67.88225099390857,
   40.22222222222222,
   4.4973662082690655,
   4.327642116750844,
   5.117387490900405,
   0,
   0,
   0,
   0,
   0,
   0,
   0,
   0,
   0,
   0,
   0,
   0,
   0,
   0,
   0,
   0,
   0,
   0,
   0,
   0,
   0,
   0,
   0,
   0,
   0,
   0,
   0,
   0,
   0,
   0,
   0,
   0,
   0,
   0,
   0,
   0,
   0,
   0,
   0,
   0,
   0,
   0,
   0,
   0,
   0,
   0,
   0,
   0,
   0,
   0,
   0,
   0,
   0,
   0,
   0,
   0
  ],
  "movingFraction": [
   0,
   0.4861111111111111,
   0.42857142857142855,
   0.6567164179104478,
   0.5151515151515151,
   0,
   0,
   0,
   0,
   0,
   0,
   0,
   0,
   0,
   0,
   0,
   0,
   0,
   0,
   0,
   0,
   0,
   0,
   0,
   0,
   0,
   0,
   0,
   0,
   0,
   0,
   0,
   0,
   0,
   0,
   0,
   0,
   0,
   0,
   0,
   0.2631578947368421,
   0.24193548387096775,
   0.36585365853658536,
   0.9797979797979798,
   0.7419354838709677,
   0.6715328467153284,
   0.7407407407407407,
   0.6329113924050633,
   0.6225165562913907,
   0.5359477124183006,
   0.48936170212765956,
   0.35135135135135137,
   0.4304635761589404,
   0.5761589403973509,
   0.6024844720496895,
   0.6776315789473685,
   0.848,
   0.868421052631579,
   1,
   1,
   1,
   1,
   0.1206896551724138,
   0,
   0,
   0,
   0,
   0,
   0,
   0,
   0,
   0,
   0,
   0,
   0,
   0,
   0,
   0,
   0,
   0,
   0,
   0,
   0,
   0,
   0,
   0,
   0,
   0,
   0,
   0,
   0,
   0,
   0,
   0,
   0,
   0,
   0,
   0,
   0,
   0,
   0,
   0,
   0,
   0,
   0,
   0,
   0,
   0,
   0,
   0,
   0,
   0,
   0,
   0,
   0,
   0,
   0,
   0,
   0
  ],
  "diffMean": [
   2.5788657407407407,
   2.638888888888889,
   2.287523148148148,
   1.9358641975308641,
   1.5111882716049383,
   1.0290972222222223,
   0.6059413580246914,
   0.44468364197530863,
   0.0703858024691358,
   0.02091820987654321,
   0.027623456790123457,
   0.12736882716049383,
   0.002916666666666667,
   0.009405864197530865,
   0.0002932098765432099,
   0.0000154320987654321,
   0.0038888888888888888,
   0.005216049382716049,
   0.00000771604938271605,
   0.0001080246913580247,
   0.001095679012345679,
   0.0036959876543209876,
   0,
   0.000023148148148148147,
   0.0010570987654320988,
   0.0011728395061728395,
   0.000038580246913580246,
   0.0000154320987654321,
   0.0011188271604938272,
   0.0011959876543209877,
   0.0000154320987654321,
   0.00008487654320987654,
   0.001404320987654321,
   0.003171296296296296,
   0.00013117283950617284,
   0,
   0.12159722222222222,
   0.13448302469135803,
   0.18387345679012346,
   0.3660648148148148,
   1.5321527777777777,
   2.361466049382716,
   3.1406635802469136,
   4.105038580246913,
   7.882438271604938,
   9.954868827160494,
   11.925547839506173,
   13.946466049382716,
   15.657199074074073,
   15.83508487654321,
   15.917145061728394,
   15.676265432098765,
   15.529336419753086,
   15.88020061728395,
   15.225833333333334,
   13.868287037037037,
   12.191404320987655,
   8.689722222222223,
   5.169706790123457,
   4.049521604938271,
   2.98070987654321,
   1.4733564814814815,
   1.0032175925925926,
   0.6469907407407407,
   0.3334490740740741,
   0.15733796296296296,
   0.04737654320987654,
   0.021126543209876544,
   0.1579783950617284,
   0.30408179012345676,
   0.4657253086419753,
   0.661466049382716,
   0.7572299382716049,
   0.7049228395061728,
   0.5554243827160494,
   0.38805555555555554,
   0.2592438271604938,
   0.1801851851851852,
   0.005925925925925926,
   0.01814043209876543,
   0.00010030864197530864,
   0.000023148148148148147,
   0.0013117283950617284,
   0.0014891975308641975,
   0,
   0,
   0.0035339506172839506,
   0.0026157407407407405,
   0,
   0,
   0.002361111111111111,
   0.002345679012345679,
   0,
   0,
   0.002345679012345679,
   0.002345679012345679,
   0,
   0,
   0.002345679012345679,
   0.002345679012345679,
   0,
   0,
   0.002345679012345679,
   0.002345679012345679,
   0,
   0,
   0.002345679012345679,
   0.002345679012345679,
   0,
   0,
   0.002345679012345679,
   0.002345679012345679,
   0,
   0,
   0.002345679012345679,
   0.002345679012345679,
   0,
   0,
   0.002345679012345679
  ],