{
 "params": {
  "scale": 4,
  "blockSize": 16,
  "searchRadius": 12,
  "changedThreshold": 6,
  "blockActivityThreshold": 1.5,
  "movingThreshold": 0.3,
  "width": 480,
  "height": 270,
  "analysisWidth": 480,
  "analysisHeight": 270,
  "source": "mp4"
 },
 "fps": 30,
 "framePairs": 149,
 "series": {
  "blockSpeedMean": [
   0,
   0,
   0,
   0,
   0,
   0,
   0,
   0,
   0,
   0,
   0,
   0,
   0,
   15.854470843882005,
   12.907567935312375,
   9.129236654206434,
   17.024832399084424,
   11.115425931314952,
   9.208726223050421,
   7.7645921246796314,
   5.827146022549508,
   6.58255542599277,
   5.288407795011717,
   7.743819251248833,
   5.435891371025602,
   4.110304109823914,
   3.668589346304784,
   0,
   0,
   0,
   0,
   0,
   0,
   0,
   0,
   0,
   0,
   0,
   0,
   0,
   0,
   0,
   0,
   0,
   0,
   0,
   0,
   0,
   0,
   0,
   0,
   0,
   0,
   0,
   0,
   0,
   0,
   0,
   0,
   0,
   0,
   0,
   0,
   0,
   0,
   0,
   0,
   0,
   0,
   0,
   0,
   0,
   0,
   0,
   0,
   0,
   0,
   0,
   0,
   0,
   0,
   0,
   0,
   0,
   0,
   0,
   0,
   0,
   0,
   0,
   0,
   0,
   0,
   0,
   0,
   0,
   0,
   0,
   0,
   0,
   0,
   0,
   0,
   0,
   0,
   0,
   0,
   0,
   0,
   0,
   0,
   0,
   0,
   0,
   0,
   0,
   0,
   0,
   0,
   0,
   0,
   0,
   0,
   0,
   0,
   0,
   0,
   0,
   0,
   0,
   0,
   0,
   0,
   4.151768861559148,
   3.7792353825145817,
   4.130527469677079,
   3.7432784036541307,
   4.520883455928474,
   5.278881184147621,
   6.092724277487305,
   11.750076431245004,
   7.581244721162716,
   32.06742008725468,
   30.093451308751746,
   12.018375812908985,
   38,
   0,
   0,
   0
  ],
  "blockSpeedP95": [
   0,
   0,
   0,
   0,
   0,
   0,
   0,
   0,
   0,
   0,
   0,
   0,
   0,
   17.148304580998598,
   13.53060767782061,
   10.59024628030923,
   38.990958915298904,
   12.12030420036227,
   9.717619172778798,
   7.893097815599703,
   6.5105976192135175,
   11.926916779577594,
   8.947795202070475,
   7.868928828240221,
   5.955106355684031,
   4.241123132682061,
   3.819613879718178,
   0,
   0,
   0,
   0,
   0,
   0,
   0,
   0,
   0,
   0,
   0,
   0,
   0,
   0,
   0,
   0,
   0,
   0,
   0,
   0,
   0,
   0,
   0,
   0,
   0,
   0,
   0,
   0,
   0,
   0,
   0,
   0,
   0,
   0,
   0,
   0,
   0,
   0,
   0,
   0,
   0,
   0,
   0,
   0,
   0,
   0,
   0,
   0,
   0,
   0,
   0,
   0,
   0,
   0,
   0,
   0,
   0,
   0,
   0,
   0,
   0,
   0,
   0,
   0,
   0,
   0,
   0,
   0,
   0,
   0,
   0,
   0,
   0,
   0,
   0,
   0,
   0,
   0,
   0,
   0,
   0,
   0,
   0,
   0,
   0,
   0,
   0,
   0,
   0,
   0,
   0,
   0,
   0,
   0,
   0,
   0,
   0,
   0,
   0,
   0,
   0,
   0,
   0,
   0,
   0,
   0,
   5.006214066675299,
   4.403446213413264,
   6.130829638255423,
   4.5554770354215925,
   6.286425717464079,
   7.600543822566829,
   8.387458376886435,
   26,
   8.90428586080794,
   44.9464900514791,
   46,
   12.110844365435469,
   38,
   0,
   0,
   0
  ],
  "movingFraction": [
   0,
   0,
   0,
   0,
   0,
   0,
   0,
   0,
   0,
   0,
   0,
   0,
   0,
   1,
   1,
   0.21052631578947367,
   0.19047619047619047,
   0.9,
   0.8421052631578947,
   0.6666666666666666,
   0.6153846153846154,
   0.8846153846153846,
   0.8846153846153846,
   0.25925925925925924,
   0.25925925925925924,
   0.2857142857142857,
   0.2962962962962963,
   0,
   0,
   0,
   0,
   0,
   0,
   0,
   0,
   0,
   0,
   0,
   0,
   0,
   0,
   0,
   0,
   0,
   0,
   0,
   0,
   0,
   0,
   0,
   0,
   0,
   0,
   0,
   0,
   0,
   0,
   0,
   0,
   0,
   0,
   0,
   0,
   0,
   0,
   0,
   0,
   0,
   0,
   0,
   0,
   0,
   0,
   0,
   0,
   0,
   0,
   0,
   0,
   0,
   0,
   0,
   0,
   0,
   0,
   0,
   0,
   0,
   0,
   0,
   0,
   0,
   0,
   0,
   0,
   0,
   0,
   0,
   0,
   0,
   0,
   0,
   0,
   0,
   0,
   0,
   0,
   0,
   0,
   0,
   0,
   0,
   0,
   0,
   0,
   0,
   0,
   0,
   0,
   0,
   0,
   0,
   0,
   0,
   0,
   0,
   0,
   0,
   0,
   0,
   0,
   0,
   0,
   0.07142857142857142,
   0.2857142857142857,
   0.39285714285714285,
   0.8846153846153846,
   0.8846153846153846,
   0.9615384615384616,
   0.9629629629629629,
   1,
   0.95,
   1,
   1,
   1,
   1,
   0,
   0,
   0
  ],
  "diffMean": [
   0,
   0,
   0,
   0,
   0,
   0,
   0,
   0,
   0,
   0,
   0,
   0,
   0.008263888888888888,
   0.02798611111111111,
   0.04497685185185185,
   0.21458333333333332,
   0.5549845679012345,
   0.7953163580246914,
   0.9544675925925926,
   1.0135802469135802,
   0.9898302469135802,
   0.922145061728395,
   0.8589583333333334,
   0.7546604938271605,
   0.646820987654321,
   0.5308950617283951,
   0.3659722222222222,
   0.30280864197530866,
   0.18260802469135803,
   0.11790123456790123,
   0.06258487654320988,
   0.03943672839506173,
   0.015154320987654322,
   0.007561728395061728,
   0.004583333333333333,
   0.00016203703703703703,
   0.00022376543209876544,
   0.000046296296296296294,
   0.000038580246913580246,
   0.00019290123456790122,
   0.00011574074074074075,
   0.00000771604938271605,
   0.00000771604938271605,
   0.00007716049382716049,
   0.00007716049382716049,
   0,
   0,
   0.00007716049382716049,
   0.00007716049382716049,
   0,
   0,
   0.00007716049382716049,
   0.00007716049382716049,
   0,
   0,
   0.00007716049382716049,
   0.00007716049382716049,
   0,
   0,
   0.00007716049382716049,
   0.00007716049382716049,
   0,
   0,
   0.00007716049382716049,
   0.00007716049382716049,
   0,
   0,
   0.00007716049382716049,
   0.00007716049382716049,
   0,
   0,
   0.00007716049382716049,
   0.00007716049382716049,
   0,
   0,
   0.00007716049382716049,
   0.00007716049382716049,
   0,
   0,
   0.00007716049382716049,
   0.00007716049382716049,
   0,
   0,
   0.00007716049382716049,
   0.00007716049382716049,
   0,
   0,
   0.00007716049382716049,
   0.00009259259259259259,
   0,
   0,
   0.00007716049382716049,
   0.00008487654320987654,
   0,
   0,
   0.00008487654320987654,
   0.00007716049382716049,
   0,
   0,
   0.00007716049382716049,
   0.00007716049382716049,
   0,
   0,
   0.00007716049382716049,
   0.00007716049382716049,
   0,
   0,
   0.00007716049382716049,
   0.00007716049382716049,
   0,
   0,
   0.00007716049382716049,
   0.00007716049382716049,
   0,
   0,
   0.00007716049382716049,
   0.00007716049382716049,
   0,
   0,
   0.00007716049382716049,
   0.00007716049382716049,
   0,
   0,
   0.00007716049382716049,
   0.00007716049382716049,
   0,
   0.004529320987654321,
   0.010015432098765433,
   0.031905864197530866,
   0.0647608024691358,
   0.1278395061728395,
   0.23023148148148148,
   0.32037037037037036,
   0.45513117283950616,
   0.5856095679012345,
   0.7044598765432099,
   0.8199074074074074,
   0.8671604938271605,
   0.9007330246913581,
   0.8451003086419753,
   0.7555169753086419,
   0.5901157407407407,
   0.4199537037037037,
   0.17293209876543209,
   0.021064814814814814,
   0.009899691358024692,
   0.00216820987654321,
   0,
   0
  ],