{
 "params": {
  "scale": 4,
  "blockSize": 16,
  "searchRadius": 12,
  "changedThreshold": 6,
  "blockActivityThreshold": 1.5,
  "movingThreshold": 0.3,
  "width": 480,
  "height": 270,
  "analysisWidth": 480,
  "analysisHeight": 270,
  "source": "mp4"
 },
 "fps": 30,
 "framePairs": 112,
 "series": {
  "blockSpeedMean": [
   0,
   24.6497425387229,
   17.12832398783281,
   12.316072443276527,
   8.593233996696535,
   7.374395388479907,
   4.943685276901671,
   4.956935829512014,
   6.826828832162132,
   4.34741311738044,
   4.40457923542801,
   0,
   3.7386599168198495,
   4.046717068838145,
   3.6642691804055776,
   0,
   0,
   0,
   0,
   0,
   0,
   0,
   0,
   0,
   0,
   0,
   0,
   0,
   0,
   0,
   0,
   0,
   0,
   0,
   0,
   0,
   0,
   0,
   0,
   0,
   0,
   0,
   0,
   0,
   0,
   0,
   0,
   0,
   0,
   0,
   0,
   0,
   0,
   0,
   0,
   0,
   0,
   0,
   0,
   0,
   0,
   0,
   0,
   0,
   0,
   0,
   0,
   0,
   0,
   0,
   0,
   0,
   0,
   0,
   0,
   0,
   0,
   0,
   0,
   0,
   0,
   0,
   0,
   0,
   0,
   0,
   0,
   0,
   0,
   0,
   0,
   0,
   0,
   0,
   0,
   0,
   0,
   0,
   0,
   0,
   0,
   0,
   0,
   0,
   0,
   0,
   0,
   0,
   0,
   0,
   50.75700848622206,
   59.56258869661822
  ],
  "blockSpeedP95": [
   0,
   26.347746329840348,
   17.915294685837605,
   13.822326495091293,
   9.592621557042138,
   8.624530696129895,
   8.400493275817267,
   12.82875656098014,
   10.640001395584738,
   4.912413288640308,
   5.5453701930686465,
   0,
   4.734230064356565,
   4.102770119313696,
   3.7232023113059123,
   0,
   0,
   0,
   0,
   0,
   0,
   0,
   0,
   0,
   0,
   0,
   0,
   0,
   0,
   0,
   0,
   0,
   0,
   0,
   0,
   0,
   0,
   0,
   0,
   0,
   0,
   0,
   0,
   0,
   0,
   0,
   0,
   0,
   0,
   0,
   0,
   0,
   0,
   0,
   0,
   0,
   0,
   0,
   0,
   0,
   0,
   0,
   0,
   0,
   0,
   0,
   0,
   0,
   0,
   0,
   0,
   0,
   0,
   0,
   0,
   0,
   0,
   0,
   0,
   0,
   0,
   0,
   0,
   0,
   0,
   0,
   0,
   0,
   0,
   0,
   0,
   0,
   0,
   0,
   0,
   0,
   0,
   0,
   0,
   0,
   0,
   0,
   0,
   0,
   0,
   0,
   0,
   0,
   0,
   0,
   59.396969619669996,
   59.56258869661822
  ],
  "movingFraction": [
   0,
   0.8333333333333334,
   0.875,
   0.9,
   0.7692307692307693,
   0.7692307692307693,
   0.7142857142857143,
   0.5,
   0.6153846153846154,
   0.5384615384615384,
   0.6538461538461539,
   0,
   0.5714285714285714,
   0.21052631578947367,
   0.23529411764705882,
   0,
   0,
   0,
   0,
   0,
   0,
   0,
   0,
   0,
   0,
   0,
   0,
   0,
   0,
   0,
   0,
   0,
   0,
   0,
   0,
   0,
   0,
   0,
   0,
   0,
   0,
   0,
   0,
   0,
   0,
   0,
   0,
   0,
   0,
   0,
   0,
   0,
   0,
   0,
   0,
   0,
   0,
   0,
   0,
   0,
   0,
   0,
   0,
   0,
   0,
   0,
   0,
   0,
   0,
   0,
   0,
   0,
   0,
   0,
   0,
   0,
   0,
   0,
   0,
   0,
   0,
   0,
   0,
   0,
   0,
   0,
   0,
   0,
   0,
   0,
   0,
   0,
   0,
   0,
   0,
   0,
   0,
   0,
   0,
   0,
   0,
   0,
   0,
   0,
   0,
   0,
   0,
   0,
   0,
   0,
   0.1724137931034483,
   0.03333333333333333
  ],
  "diffMean": [
   0.049922839506172836,
   0.2086496913580247,
   0.30362654320987653,
   0.33329475308641976,
   0.3106558641975309,
   0.2829938271604938,
   0.26698302469135804,
   0.4225462962962963,
   0.5282021604938272,
   0.4512422839506173,
   0.4485108024691358,
   0.3273070987654321,
   0.3920138888888889,
   0.20674382716049383,
   0.19540895061728394,
   0.18780092592592593,
   0.04785493827160494,
   0.14863425925925927,
   0.037592592592592594,
   0.042993827160493825,
   0.012839506172839505,
   0.10824845679012346,
   0.03749228395061728,
   0.011550925925925926,
   0.04203703703703704,
   0.11530092592592593,
   0.015694444444444445,
   0.04388888888888889,
   0.12132716049382716,
   0.017160493827160495,
   0.15035493827160493,
   0.01949074074074074,
   0.15344907407407407,
   0.020054012345679013,
   0.15518518518518518,
   0.0203858024691358,
   0.05324074074074074,
   0.1264891975308642,
   0.1540354938271605,
   0.02087962962962963,
   0.04915895061728395,
   0.12440586419753086,
   0.050763888888888886,
   0.12469907407407407,
   0.048325617283950614,
   0.12088734567901234,
   0.017955246913580247,
   0.0427391975308642,
   0.11619598765432099,
   0.010987654320987654,
   0.011442901234567902,
   0.03767746913580247,
   0.1102391975308642,
   0.003950617283950617,
   0.002978395061728395,
   0.0037345679012345677,
   0.003310185185185185,
   0.0012962962962962963,
   0.004807098765432099,
   0.10912808641975309,
   0.005555555555555556,
   0.04,
   0.010887345679012346,
   0.012739197530864197,
   0.14699074074074073,
   0.014429012345679013,
   0.12188271604938272,
   0.04627314814814815,
   0.01910493827160494,
   0.15392746913580246,
   0.021666666666666667,
   0.15103395061728395,
   0.02123456790123457,
   0.1525077160493827,
   0.022708333333333334,
   0.15633487654320988,
   0.021080246913580247,
   0.15525462962962963,
   0.020231481481481482,
   0.12353395061728395,
   0.048526234567901234,
   0.1209104938271605,
   0.04639660493827161,
   0.018603395061728395,
   0.11922067901234568,
   0.04449845679012346,
   0.012939814814814815,
   0.11535493827160494,
   0.04040895061728395,
   0.006234567901234568,
   0.009922839506172839,
   0.007692901234567901,
   0.001990740740740741,
   0.0033796296296296296,
   0.0034182098765432097,
   0.002978395061728395,
   0.004367283950617284,
   0.007623456790123457,
   0.06033950617283951,
   0.14472993827160494,
   0.11179012345679012,
   0.12414351851851851,
   0.1465895061728395,
   0.18784722222222222,
   0.18226851851851852,
   0.20716049382716048,
   0.2838348765432099,
   0.2700694444444444,
   0.32513117283950616,
   0.3396682098765432,
   0.3858410493827161,
   0.42430555555555555
  ],