{
 "params": {
  "scale": 4,
  "blockSize": 16,
  "searchRadius": 12,
  "changedThreshold": 6,
  "blockActivityThreshold": 1.5,
  "movingThreshold": 0.3,
  "width": 480,
  "height": 270,
  "analysisWidth": 480,
  "analysisHeight": 270,
  "source": "mp4"
 },
 "fps": 30,
 "framePairs": 119,
 "series": {
  "blockSpeedMean": [
   0,
   9.679157293274141,
   8.092833707000844,
   4.794856938038095,
   4.035227716211873,
   4.133696938208758,
   0,
   0,
   0,
   5.420714499074879,
   5.733287204018938,
   0,
   0,
   0,
   0,
   0,
   0,
   0,
   0,
   0,
   0,
   0,
   0,
   0,
   0,
   0,
   0,
   0,
   0,
   0,
   0,
   0,
   0,
   0,
   0,
   0,
   0,
   0,
   0,
   0,
   0,
   0,
   0,
   12.932971212229248,
   22.733504429422904,
   22.52705715217225,
   31.962602087236018,
   35.351821365318614,
   39,
   39,
   43,
   38.5,
   39.72727272727273,
   37.75280566962023,
   33.314830746355234,
   25.987043848209705,
   17.942745184901447,
   15.608558987062636,
   5.064025801980119,
   0,
   0,
   0,
   0,
   0,
   5.366525409429639,
   0,
   0,
   0,
   0,
   0,
   0,
   0,
   0,
   0,
   0,
   0,
   0,
   0,
   0,
   0,
   0,
   0,
   0,
   0,
   0,
   0,
   0,
   0,
   0,
   0,
   0,
   0,
   0,
   0,
   0,
   0,
   0,
   0,
   0,
   0,
   0,
   0,
   0,
   0,
   0,
   0,
   0,
   0,
   0,
   0,
   0,
   0,
   0,
   0,
   0,
   0,
   0,
   0,
   0
  ],
  "blockSpeedP95": [
   0,
   10.380220023966615,
   8.596722874168561,
   5.418155161961432,
   4.123912508970622,
   4.133696938208758,
   0,
   0,
   0,
   5.59969976381983,
   5.733287204018938,
   0,
   0,
   0,
   0,
   0,
   0,
   0,
   0,
   0,
   0,
   0,
   0,
   0,
   0,
   0,
   0,
   0,
   0,
   0,
   0,
   0,
   0,
   0,
   0,
   0,
   0,
   0,
   0,
   0,
   0,
   0,
   0,
   34.51851851851852,
   48,
   48,
   48,
   60.10926689739402,
   48,
   48,
   48,
   48,
   48,
   48,
   48,
   48,
   48,
   48,
   10,
   0,
   0,
   0,
   0,
   0,
   5.366525409429639,
   0,
   0,
   0,
   0,
   0,
   0,
   0,
   0,
   0,
   0,
   0,
   0,
   0,
   0,
   0,
   0,
   0,
   0,
   0,
   0,
   0,
   0,
   0,
   0,
   0,
   0,
   0,
   0,
   0,
   0,
   0,
   0,
   0,
   0,
   0,
   0,
   0,
   0,
   0,
   0,
   0,
   0,
   0,
   0,
   0,
   0,
   0,
   0,
   0,
   0,
   0,
   0,
   0,
   0
  ],
  "movingFraction": [
   0,
   0.16129032258064516,
   0.6774193548387096,
   0.7333333333333333,
   0.8043478260869565,
   0.022727272727272728,
   0,
   0,
   0,
   0.047619047619047616,
   0.023809523809523808,
   0,
   0,
   0,
   0,
   0,
   0,
   0,
   0,
   0,
   0,
   0,
   0,
   0,
   0,
   0,
   0,
   0,
   0,
   0,
   0,
   0,
   0,
   0,
   0,
   0,
   0,
   0,
   0,
   0,
   0,
   0,
   0,
   0.9032258064516129,
   0.9866666666666667,
   0.6333333333333333,
   0.6542056074766355,
   0.7520661157024794,
   0.3333333333333333,
   0.3333333333333333,
   0.2857142857142857,
   0.2857142857142857,
   0.39285714285714285,
   0.30097087378640774,
   0.5981308411214953,
   0.717391304347826,
   0.7012987012987013,
   0.9047619047619048,
   0.9516129032258065,
   0,
   0,
   0,
   0,
   0,
   0.021739130434782608,
   0,
   0,
   0,
   0,
   0,
   0,
   0,
   0,
   0,
   0,
   0,
   0,
   0,
   0,
   0,
   0,
   0,
   0,
   0,
   0,
   0,
   0,
   0,
   0,
   0,
   0,
   0,
   0,
   0,
   0,
   0,
   0,
   0,
   0,
   0,
   0,
   0,
   0,
   0,
   0,
   0,
   0,
   0,
   0,
   0,
   0,
   0,
   0,
   0,
   0,
   0,
   0,
   0,
   0
  ],
  "diffMean": [
   0.8895293209876544,
   1.1615586419753086,
   1.2855941358024692,
   1.0848456790123457,
   1.068016975308642,
   0.6594598765432099,
   0.41456018518518517,
   0.161304012345679,
   0.2548688271604938,
   0.46628086419753084,
   0.44939043209876545,
   0.23358796296296297,
   0.0002314814814814815,
   0,
   0.00008487654320987654,
   0.00000771604938271605,
   0.000023148148148148147,
   0.0000308641975308642,
   0.000046296296296296294,
   0.00000771604938271605,
   0.00008487654320987654,
   0.00005401234567901235,
   0.00007716049382716049,
   0.00000771604938271605,
   0.0001388888888888889,
   0.00015432098765432098,
   0.000046296296296296294,
   0.00000771604938271605,
   0.0000617283950617284,
   0.0001080246913580247,
   0.00006944444444444444,
   0.0000154320987654321,
   0.00009259259259259259,
   0.000046296296296296294,
   0.00006944444444444444,
   0.0000308641975308642,
   0.00010030864197530864,
   0.02087962962962963,
   0.07089506172839506,
   0.19398148148148148,
   0.38354166666666667,
   0.9473688271604939,
   1.8893827160493828,
   3.111141975308642,
   4.380478395061728,
   8.389861111111111,
   10.696358024691358,
   12.463132716049383,
   12.948009259259258,
   13.106867283950617,
   13.314606481481482,
   13.31875,
   13.421172839506173,
   13.796118827160495,
   12.82528549382716,
   10.08741512345679,
   7.394699074074074,
   3.2391975308641974,
   2.2430015432098767,
   1.2906327160493827,
   0.8231481481481482,
   0.35727623456790125,
   0.38255401234567904,
   0.2751774691358025,
   0.44807870370370373,
   0.41963734567901234,
   0.21780864197530864,
   0.00000771604938271605,
   0.0000154320987654321,
   0.0004243827160493827,
   0.0003935185185185185,
   0.000046296296296296294,
   0.0000308641975308642,
   0.00009259259259259259,
   0.00007716049382716049,
   0,
   0,
   0.00007716049382716049,
   0.00007716049382716049,
   0,
   0,
   0.0000617283950617284,
   0.0000617283950617284,
   0,
   0,
   0.0000617283950617284,
   0.0000617283950617284,
   0,
   0,
   0.0000617283950617284,
   0.0000617283950617284,
   0,
   0,
   0.0000617283950617284,
   0.0000617283950617284,
   0,
   0,
   0.0000617283950617284,
   0.0000617283950617284,
   0,
   0,
   0.0000617283950617284,
   0.0000617283950617284,
   0,
   0,
   0.0000617283950617284,
   0.0000617283950617284,
   0,
   0,
   0.0000617283950617284,
   0.0000617283950617284,
   0,
   0,
   0.0000617283950617284,
   0.0000617283950617284,
   0,
   0,
   0.0000617283950617284,
   0
  ],
  "changedFraction": [
   0.022939814814814816,
   0.027199074074074073,
   0.02577932098765432,
   0.025655864197530864,
   0.026226851851851852,
   0.02344135802469136,
   0.023541666666666666,
   0.013580246913580247,
   0.007145061728395062,
   0.009143518518518518,
   0.009621913580246914,
   0.007044753086419753,
   0,
   0,
   0,
   0,
   0,
   0,
   0,
   0,
   0,
   0,
   0,
   0,
   0,
   0,
   0,
   0,
   0,
   0,
   0,
   0,
   0,
   0,
   0,
   0,
   0,
   0.0020833333333333333,
   0.0020833333333333333,
   0.004182098765432099,
   0.0066049382716049385,
   0.02470679012345679,
   0.040030864197530866,
   0.04609567901234568,
   0.05780092592592593,
   0.10169753086419753,
   0.1371141975308642,
   0.15597993827160495,
   0.15805555555555556,
   0.17708333333333334,
   0.20208333333333334,
   0.20208333333333334,
   0.19111882716049383,
   0.18047839506172839,
   0.16063271604938273,
   0.1310570987654321,
   0.09739197530864198,
   0.054552469135802466,
   0.03959104938271605,
   0.025979938271604937,
   0.015239197530864198,
   0.006304012345679013,
   0.010609567901234568,
   0.00849537037037037,
   0.008703703703703703,
   0.008896604938271605,
   0.006929012345679012,
   0,
   0,
   0.0000154320987654321,
   0.0000154320987654321,
   0,
   0,
   0,
   0,
   0,
   0,
   0,
   0,
   0,
   0,
   0,
   0,
   0,
   0,
   0,
   0,
   0,
   0,
   0,
   0,
   0,
   0,
   0,
   0,
   0,
   0,
   0,
   0,
   0,
   0,
   0,
   0,
   0,
   0,
   0,
   0,
   0,
   0,
   0,
   0,
   0,
   0,
   0,
   0,
   0,
   0,
   0,
   0
  ],