{
 "params": {
  "scale": 4,
  "blockSize": 16,
  "searchRadius": 12,
  "changedThreshold": 6,
  "blockActivityThreshold": 1.5,
  "movingThreshold": 0.3,
  "width": 480,
  "height": 270,
  "analysisWidth": 480,
  "analysisHeight": 270,
  "source": "mp4"
 },
 "fps": 30,
 "framePairs": 154,
 "series": {
  "blockSpeedMean": [
   0,
   0,
   0,
   0,
   0,
   0,
   0,
   0,
   0,
   0,
   0,
   0,
   0,
   0,
   0,
   0,
   0,
   0,
   0,
   0,
   0,
   48.00000244288146,
   32.863680478957214,
   48.000001384171156,
   48.00000392748279,
   43.87628867680375,
   27.319895946294377,
   25.12500047238663,
   18.864865940133527,
   0,
   0,
   0,
   0,
   0,
   0,
   0,
   0,
   0,
   0,
   0,
   0,
   0,
   0,
   0,
   0,
   0,
   0,
   0,
   0,
   0,
   0,
   0,
   0,
   0,
   0,
   0,
   0,
   0,
   0,
   0,
   0,
   0,
   0,
   0,
   0,
   0,
   0,
   0,
   0,
   0,
   0,
   0,
   0,
   0,
   0,
   0,
   0,
   0,
   0,
   0,
   0,
   0,
   0,
   0,
   0,
   0,
   0,
   0,
   0,
   0,
   0,
   0,
   0,
   0,
   0,
   0,
   0,
   0,
   0,
   0,
   0,
   0,
   0,
   0,
   0,
   0,
   0,
   0,
   0,
   0,
   0,
   0,
   0,
   0,
   0,
   0,
   0,
   0,
   0,
   0,
   0,
   0,
   0,
   0,
   0,
   0,
   0,
   0,
   18.407212155388578,
   36.00000023683112,
   40.66737755162297,
   46,
   31.93220338983051,
   48.008608043568515,
   48.01389238885869,
   48.041648597857254,
   47.92081878948644,
   54.927699989331245,
   29.7480926703999,
   0,
   0,
   0,
   0,
   0,
   0,
   0,
   0,
   0,
   0,
   0,
   0,
   0,
   0,
   0
  ],
  "blockSpeedP95": [
   0,
   0,
   0,
   0,
   0,
   0,
   0,
   0,
   0,
   0,
   0,
   0,
   0,
   0,
   0,
   0,
   0,
   0,
   0,
   0,
   0,
   48.00000244288146,
   48.00008821362664,
   48.000001384171156,
   48.00000392748279,
   43.87628867680375,
   32.98461556548325,
   25.12500047238663,
   18.864865940133527,
   0,
   0,
   0,
   0,
   0,
   0,
   0,
   0,
   0,
   0,
   0,
   0,
   0,
   0,
   0,
   0,
   0,
   0,
   0,
   0,
   0,
   0,
   0,
   0,
   0,
   0,
   0,
   0,
   0,
   0,
   0,
   0,
   0,
   0,
   0,
   0,
   0,
   0,
   0,
   0,
   0,
   0,
   0,
   0,
   0,
   0,
   0,
   0,
   0,
   0,
   0,
   0,
   0,
   0,
   0,
   0,
   0,
   0,
   0,
   0,
   0,
   0,
   0,
   0,
   0,
   0,
   0,
   0,
   0,
   0,
   0,
   0,
   0,
   0,
   0,
   0,
   0,
   0,
   0,
   0,
   0,
   0,
   0,
   0,
   0,
   0,
   0,
   0,
   0,
   0,
   0,
   0,
   0,
   0,
   0,
   0,
   0,
   0,
   0,
   18.407212155388578,
   36.00000023683112,
   48.00000168181916,
   46,
   38,
   48.008608043568515,
   48.01389238885869,
   48.041648597857254,
   67.88225099390857,
   67.88225099390857,
   46,
   0,
   0,
   0,
   0,
   0,
   0,
   0,
   0,
   0,
   0,
   0,
   0,
   0,
   0,
   0
  ],
  "movingFraction": [
   0,
   0,
   0,
   0,
   0,
   0,
   0,
   0,
   0,
   0,
   0,
   0,
   0,
   0,
   0,
   0,
   0,
   0,
   0,
   0,
   0,
   0.14285714285714285,
   0.2857142857142857,
   0.1,
   0.1,
   0.09090909090909091,
   0.16666666666666666,
   0.1,
   0.125,
   0,
   0,
   0,
   0,
   0,
   0,
   0,
   0,
   0,
   0,
   0,
   0,
   0,
   0,
   0,
   0,
   0,
   0,
   0,
   0,
   0,
   0,
   0,
   0,
   0,
   0,
   0,
   0,
   0,
   0,
   0,
   0,
   0,
   0,
   0,
   0,
   0,
   0,
   0,
   0,
   0,
   0,
   0,
   0,
   0,
   0,
   0,
   0,
   0,
   0,
   0,
   0,
   0,
   0,
   0,
   0,
   0,
   0,
   0,
   0,
   0,
   0,
   0,
   0,
   0,
   0,
   0,
   0,
   0,
   0,
   0,
   0,
   0,
   0,
   0,
   0,
   0,
   0,
   0,
   0,
   0,
   0,
   0,
   0,
   0,
   0,
   0,
   0,
   0,
   0,
   0,
   0,
   0,
   0,
   0,
   0,
   0,
   0,
   0,
   1,
   1,
   0.2857142857142857,
   0.08333333333333333,
   0.16666666666666666,
   0.06666666666666667,
   0.07692307692307693,
   0.09090909090909091,
   0.5454545454545454,
   0.5555555555555556,
   1,
   0,
   0,
   0,
   0,
   0,
   0,
   0,
   0,
   0,
   0,
   0,
   0,
   0,
   0,
   0
  ],
  "diffMean": [
   0,
   0,
   0,
   0,
   0,
   0,
   0.04962962962962963,
   0.049637345679012346,
   0.005108024691358025,
   0.0038194444444444443,
   0.0038425925925925928,
   0.05108796296296296,
   0.0035956790123456792,
   0.0535108024691358,
   0.05343364197530864,
   0.0025,
   0.0000154320987654321,
   0.04933641975308642,
   0.00000771604938271605,
   0.05185956790123457,
   0.10648148148148148,
   0.1176003086419753,
   0.13919753086419753,
   0.1659567901234568,
   0.11939043209876543,
   0.12476851851851851,
   0.13419753086419753,
   0.12372685185185185,
   0.048240740740740744,
   0.11685185185185185,
   0.014521604938271605,
   0.031435185185185184,
   0.0060879629629629626,
   0.0035339506172839506,
   0.026180555555555554,
   0.0035570987654320986,
   0.0012962962962962963,
   0.001242283950617284,
   0.002777777777777778,
   0.002816358024691358,
   0.0012191358024691357,
   0.0013117283950617284,
   0.0025,
   0.0024382716049382715,
   0.0012808641975308641,
   0.0012808641975308641,
   0.0024382716049382715,
   0.0024382716049382715,
   0.0012808641975308641,
   0.0012808641975308641,
   0.0024382716049382715,
   0.0024382716049382715,
   0.0012808641975308641,
   0.0012808641975308641,
   0.0024382716049382715,
   0.0024382716049382715,
   0.0012808641975308641,
   0.0012808641975308641,
   0.0024382716049382715,
   0.0024382716049382715,
   0.0012808641975308641,
   0.0012808641975308641,
   0.0024382716049382715,
   0.0024382716049382715,
   0.0012808641975308641,
   0.0012808641975308641,
   0.0024382716049382715,
   0.0024382716049382715,
   0.0012808641975308641,
   0.0012808641975308641,
   0.0024382716049382715,
   0.0024382716049382715,
   0.0012808641975308641,
   0.0012808641975308641,
   0.0024382716049382715,
   0.0024382716049382715,
   0.0012808641975308641,
   0.0012808641975308641,
   0.0024382716049382715,
   0.0024382716049382715,
   0.0012808641975308641,
   0.0012808641975308641,
   0.0024382716049382715,
   0.0024382716049382715,
   0.0012808641975308641,
   0.0012808641975308641,
   0.0024382716049382715,
   0.0024382716049382715,
   0.0012808641975308641,
   0.0012808641975308641,
   0.0024382716049382715,
   0.0024382716049382715,
   0.0012808641975308641,
   0.0012808641975308641,
   0.0024382716049382715,
   0.0024382716049382715,
   0.0012808641975308641,
   0.0012808641975308641,
   0.0024382716049382715,
   0.0024382716049382715,
   0.0012808641975308641,
   0.0012808641975308641,
   0.0024382716049382715,
   0.0024382716049382715,
   0.0012808641975308641,
   0.0012808641975308641,
   0.0024382716049382715,
   0.0024382716049382715,
   0.0012808641975308641,
   0.0012808641975308641,
   0.0024382716049382715,
   0.0024382716049382715,
   0.0012808641975308641,
   0.0012808641975308641,
   0.0024382716049382715,
   0.0024382716049382715,
   0.0012808641975308641,
   0.0012808641975308641,
   0.0024305555555555556,
   0.0024305555555555556,
   0.0012808641975308641,
   0.0012808641975308641,
   0.0024305555555555556,
   0.0024305555555555556,
   0.0012808641975308641,
   0.0012808641975308641,
   0.0024305555555555556,
   0.0053395061728395065,
   0.009675925925925926,
   0.018425925925925925,
   0.10449845679012346,
   0.14262345679012345,
   0.13847993827160493,
   0.20167438271604937,
   0.22555555555555556,
   0.183695987654321,
   0.1612962962962963,
   0.07799382716049383,
   0.0226929012345679,
   0,
   0.049652777777777775,
   0.0024922839506172838,
   0.054683641975308644,
   0.05717592592592593,
   0.05214506172839506,
   0.005115740740740741,
   0.007615740740740741,
   0.05465277777777778,
   0.04960648148148148,
   0,
   0,
   0,
   0,
   0
  ],