{
 "params": {
  "scale": 4,
  "blockSize": 16,
  "searchRadius": 12,
  "changedThreshold": 6,
  "blockActivityThreshold": 1.5,
  "movingThreshold": 0.3,
  "width": 480,
  "height": 270,
  "analysisWidth": 480,
  "analysisHeight": 270,
  "source": "mp4"
 },
 "fps": 30,
 "framePairs": 119,
 "series": {
  "blockSpeedMean": [
   0,
   0,
   9.627474431520284,
   10.367693873748761,
   7.44904614139024,
   4.768289640983733,
   3.54217791917402,
   0,
   10.19803902718557,
   48.19496543427985,
   0,
   0,
   0,
   0,
   0,
   0,
   0,
   0,
   0,
   0,
   0,
   0,
   0,
   0,
   0,
   0,
   0,
   0,
   0,
   0,
   0,
   0,
   0,
   0,
   0,
   0,
   0,
   0,
   0,
   0,
   0,
   15.143264166285578,
   22.884031549395768,
   36.81552722040161,
   50.34895067696128,
   34.259319780618824,
   46.80110605170339,
   39.38885538407473,
   42.641247422384644,
   49.05742134426328,
   47.707574267294575,
   42.824781734503475,
   48.86133357461277,
   49.70712727707536,
   48.06805495326191,
   48.454614392743984,
   48.667149330173196,
   38.65446609601951,
   18.29776199852682,
   12.15184808336703,
   8.097476220130735,
   7.51015947167113,
   4.149088308819386,
   4.643157131246521,
   0,
   0,
   0,
   22.565208821903706,
   0,
   0,
   0,
   0,
   3.699362265128082,
   4.381117778116052,
   0,
   0,
   0,
   0,
   48.140386193557106,
   10.600089903028515,
   0,
   0,
   0,
   0,
   0,
   0,
   0,
   0,
   0,
   0,
   0,
   0,
   0,
   0,
   0,
   0,
   0,
   0,
   0,
   0,
   0,
   0,
   0,
   0,
   0,
   0,
   0,
   0,
   0,
   0,
   0,
   0,
   0,
   0,
   0,
   0,
   0,
   0,
   0
  ],
  "blockSpeedP95": [
   0,
   0,
   13.184703152062953,
   12.310457233382358,
   7.706064901970263,
   5.439083635424045,
   4.2468739517228045,
   0,
   10.19803902718557,
   48.19496543427985,
   0,
   0,
   0,
   0,
   0,
   0,
   0,
   0,
   0,
   0,
   0,
   0,
   0,
   0,
   0,
   0,
   0,
   0,
   0,
   0,
   0,
   0,
   0,
   0,
   0,
   0,
   0,
   0,
   0,
   0,
   0,
   36.5653496275973,
   28.777530796187524,
   49.08774997679089,
   67.88225099390857,
   66.48308055437865,
   48,
   48.041648597857254,
   62.886936670829165,
   58.82176467941097,
   60.60528029800704,
   57.173835878833245,
   63.7808748764079,
   67.88225099390857,
   48.041648597857254,
   51.26402247190518,
   67.88225099390857,
   57.911656857665534,
   34.666666666666664,
   18,
   8.430136150671085,
   8.736727203363895,
   4.613699941315721,
   4.508261630840013,
   0,
   0,
   0,
   48.19936633721643,
   0,
   0,
   0,
   0,
   6.313456111178454,
   5.471867146834542,
   0,
   0,
   0,
   0,
   48.140386193557106,
   30.195106895720077,
   0,
   0,
   0,
   0,
   0,
   0,
   0,
   0,
   0,
   0,
   0,
   0,
   0,
   0,
   0,
   0,
   0,
   0,
   0,
   0,
   0,
   0,
   0,
   0,
   0,
   0,
   0,
   0,
   0,
   0,
   0,
   0,
   0,
   0,
   0,
   0,
   0,
   0,
   0
  ],
  "movingFraction": [
   0,
   0,
   0.2982456140350877,
   0.4444444444444444,
   0.53125,
   0.6825396825396826,
   0.5172413793103449,
   0,
   0.01818181818181818,
   0.018867924528301886,
   0,
   0,
   0,
   0,
   0,
   0,
   0,
   0,
   0,
   0,
   0,
   0,
   0,
   0,
   0,
   0,
   0,
   0,
   0,
   0,
   0,
   0,
   0,
   0,
   0,
   0,
   0,
   0,
   0,
   0,
   0,
   0.56,
   0.4838709677419355,
   0.5,
   0.44776119402985076,
   0.4090909090909091,
   0.24193548387096775,
   0.2848101265822785,
   0.38562091503267976,
   0.2838709677419355,
   0.32432432432432434,
   0.4198473282442748,
   0.38333333333333336,
   0.3238095238095238,
   0.3333333333333333,
   0.5,
   0.5454545454545454,
   0.3465346534653465,
   0.5,
   0.5714285714285714,
   0.6086956521739131,
   0.5588235294117647,
   0.8253968253968254,
   0.8208955223880597,
   0,
   0,
   0,
   0.05555555555555555,
   0,
   0,
   0,
   0,
   0.22033898305084745,
   0.03389830508474576,
   0,
   0,
   0,
   0,
   0.01639344262295082,
   0.0851063829787234,
   0,
   0,
   0,
   0,
   0,
   0,
   0,
   0,
   0,
   0,
   0,
   0,
   0,
   0,
   0,
   0,
   0,
   0,
   0,
   0,
   0,
   0,
   0,
   0,
   0,
   0,
   0,
   0,
   0,
   0,
   0,
   0,
   0,
   0,
   0,
   0,
   0,
   0,
   0
  ],
  "diffMean": [
   0.017839506172839505,
   0.6145987654320988,
   2.6047762345679013,
   2.7623225308641977,
   2.4579089506172838,
   1.993695987654321,
   1.3993132716049383,
   0.9666589506172839,
   0.8482407407407407,
   0.4374922839506173,
   0.040385802469135805,
   0.01052469135802469,
   0.024637345679012344,
   0.0027083333333333334,
   0.0019984567901234567,
   0.00015432098765432098,
   0.0001388888888888889,
   0.0013734567901234568,
   0.001890432098765432,
   0.000038580246913580246,
   0.0000308641975308642,
   0.001712962962962963,
   0.001705246913580247,
   0.000023148148148148147,
   0.00005401234567901235,
   0.0013040123456790123,
   0.00125,
   0.0000308641975308642,
   0.0000308641975308642,
   0.00125,
   0.0013040123456790123,
   0.00006944444444444444,
   0.0000308641975308642,
   0.001242283950617284,
   0.0013040123456790123,
   0.00000771604938271605,
   0,
   0.0012654320987654322,
   0.03981481481481482,
   0.10615740740740741,
   0.31949074074074074,
   0.750270061728395,
   1.2187962962962964,
   2.0827469135802468,
   3.0385802469135803,
   5.836180555555556,
   9.550586419753087,
   12.39354938271605,
   14.728032407407408,
   16.39526234567901,
   16.98983024691358,
   16.971466049382716,
   15.831180555555555,
   14.239074074074074,
   11.822800925925925,
   9.134992283950618,
   5.386041666666666,
   3.537260802469136,
   3.8492824074074075,
   3.356242283950617,
   2.8828472222222223,
   2.124529320987654,
   1.63445987654321,
   1.426226851851852,
   0.8398456790123456,
   0.4713503086419753,
   0.40491512345679015,
   0.37583333333333335,
   0.008209876543209876,
   0.003950617283950617,
   0.01923611111111111,
   0.004791666666666666,
   0.782746913580247,
   0.6738734567901234,
   0.3440817901234568,
   0.17092592592592593,
   0.0850925925925926,
   0.2980864197530864,
   0.6006944444444444,
   0.5568055555555556,
   0.31114197530864196,
   0.17601851851851852,
   0.000023148148148148147,
   0.0016126543209876542,
   0.0016512345679012346,
   0,
   0.00005401234567901235,
   0.00014660493827160494,
   0.00014660493827160494,
   0.00005401234567901235,
   0,
   0.00008487654320987654,
   0.00008487654320987654,
   0,
   0,
   0.00008487654320987654,
   0.00008487654320987654,
   0,
   0,
   0.00008487654320987654,
   0.00008487654320987654,
   0,
   0,
   0.00008487654320987654,
   0.00008487654320987654,
   0,
   0,
   0.00008487654320987654,
   0.00008487654320987654,
   0,
   0,
   0.00008487654320987654,
   0.00008487654320987654,
   0,
   0,
   0.00008487654320987654,
   0.00008487654320987654,
   0,
   0.00008487654320987654
  ],